boundary_error_ratio,boundary_local_snr,boundary_sec,case_id,case_type,checkpoint_best_snr,checkpoint_epoch,crest,duration_sec,hf_energy_ratio_3500_9000,inserted_silence_sec,latent_dim,local_snr_mean,local_snr_min,local_snr_p10,peak,post_boundary_snr,pre_boundary_snr,rms,run,silence_frac,snr,source_a,source_b,spectral_centroid,total_stride
nan,nan,nan,full_000,full,23.20932652510616,11,10.78975277684047,7.053061224489796,0.057239383459091187,0.0,256,18.033416874189996,-16.14666063530296,-8.313013307765292,0.7276611328135,nan,nan,0.06744001904886916,V16.1,0.034992283950617285,23.477064488173053,LJ033-0083,,1075.4766194365259,128
0.23604210295564834,8.38314442720315,3.9291156462585035,silence_000,silence,23.20932652510616,11,10.93967912557987,7.250430839002267,0.05723939463496208,0.19864733444418353,256,16.360205686209802,-66.46449471908134,-10.584315021788305,0.7276611328135,21.91707536407876,24.44828987590264,0.06651576563165328,V16.1,0.06141788430744596,23.463629707240084,LJ033-0083,,1075.4758919230167,128
nan,nan,nan,full_001,full,23.20932652510616,11,8.786546520560428,4.7542857142857144,0.21428699791431427,0.0,256,21.646910511416667,-7.045726029537231,15.321197176213964,0.52313232421975,nan,nan,0.05953787679685519,V16.1,0.010225885225885226,22.464601722371754,LJ007-0127,,2016.3246517189261,128
0.6718618056156769,22.730319683217772,2.04702947845805,silence_001,silence,23.20932652510616,11,9.19031222603481,5.201269841269841,0.21429890394210815,0.44857962743155966,256,15.516614443217762,-66.4642263608467,9.646670168449695,0.52313232421975,19.8954299995495,23.518523407265977,0.05692214925284066,V16.1,0.09558977399553571,22.225941002296018,LJ007-0127,,2016.390750524677,128
nan,nan,nan,full_002,full,23.20932652510616,11,9.860692854445142,9.572426303854876,0.1458912491798401,0.0,256,17.59080513458252,-11.025002524121842,-3.831990347473807,0.583648681641625,nan,nan,0.05918941906487422,V16.1,0.026445952092177077,22.192719898386308,LJ028-0157,,1665.7024292852946,128
0.35686669868811516,22.09004469295663,4.627936507936508,silence_002,silence,23.20932652510616,11,9.964789854362337,9.775600907029478,0.14589138329029083,0.20285811390366407,256,16.592082586279005,-66.46111941988161,-4.945483075697446,0.583648681641625,23.723345800927127,19.89795607366219,0.0585710978517177,V16.1,0.04664767666270784,22.155109022891175,LJ028-0157,,1665.7025755365964,128
nan,nan,nan,full_003,full,23.20932652510616,11,6.07950329367038,4.371156462585034,0.04051505774259567,0.0,256,23.62626379134326,-3.5835137598420257,13.472393610724282,0.428222656251,nan,nan,0.07043711230336211,V16.1,0.012211570385126162,25.505240709217986,LJ036-0177,,760.6935598273969,128
0.5677412059096674,28.477447251503687,3.353968253968254,silence_003,silence,23.20932652510616,11,6.250678552202857,4.620770975056689,0.04051527380943298,0.2511656957672945,256,20.17099323925369,-66.46425890350949,9.424543604173824,0.428222656251,22.501869452984025,24.493227456384766,0.06850818717814812,V16.1,0.06589588567839195,25.466960775646164,LJ036-0177,,760.6958378811572,128
nan,nan,nan,full_004,full,23.20932652510616,11,10.07902432873455,9.340226757369615,0.06327623873949051,0.0,256,16.481278120971623,-21.759061957756124,-11.705411619405691,0.60357666015725,nan,nan,0.059884433300395834,V16.1,0.061621154443753885,23.960352758561058,LJ037-0235,,1077.47020642467,128
0.40399384488898676,6.878590777494949,7.433605442176871,silence_004,silence,23.20932652510616,11,10.252920543453572,9.66530612244898,0.06327623128890991,0.32729094388426716,256,13.889697031502498,-66.4639963263038,-14.642409258027001,0.60357666015725,22.81878067267715,21.87810831422007,0.05886875428215204,V16.1,0.093384009009009,23.925540268882223,LJ037-0235,,1077.470133165582,128
nan,nan,nan,full_005,full,23.20932652510616,11,9.82890049691662,8.097959183673469,0.06566502898931503,0.0,256,20.96157842471193,-10.614511871853292,9.209465999775528,0.685394287110375,nan,nan,0.06973254916107431,V16.1,0.01616823476702509,23.965137878686452,LJ020-0041,,1081.930778293442,128
0.28221775139525,26.9782459585533,2.057142857142857,silence_005,silence,23.20932652510616,11,9.937510905146109,8.277913832199546,0.06566457450389862,0.1843047703068256,256,20.73798732061706,-66.45986031325293,10.972198199797992,0.685394287110375,28.069907019979272,20.978773473113694,0.06897041861312657,V16.1,0.03797773492286115,23.935057275180434,LJ020-0041,,1081.9305629540875,128
nan,nan,nan,full_006,full,23.20932652510616,11,9.050878624515331,4.371156462585034,0.039844878017902374,0.0,256,17.937739762678294,-14.297857014840325,-3.146310549102891,0.4866943359385,nan,nan,0.05377315906227958,V16.1,0.03649983399734396,24.343231234982113,LJ016-0284,,775.614414690993,128
0.5383791048350548,22.160840441975346,1.327891156462585,silence_006,silence,23.20932652510616,11,9.5023780925216,4.818140589569161,0.03984630107879639,0.4496891895652325,256,11.674563139623524,-66.46761795582957,-12.219620467913252,0.4866943359385,24.013221764881678,24.211549244396224,0.05121816151601329,V16.1,0.12638365963855422,24.24228525576583,LJ016-0284,,775.631806618242,128
nan,nan,nan,full_007,full,23.20932652510616,11,11.807233060012301,7.993469387755102,0.15930253267288208,0.0,256,19.649017416001804,-14.272053392538183,7.718834041665996,0.794952392579125,nan,nan,0.06732757696293745,V16.1,0.021701388888888888,23.235170738987275,LJ042-0020,,1749.5029246443405,128
0.2798082467626168,23.898862445907454,5.868027210884354,silence_007,silence,23.20932652510616,11,12.128692684377592,8.434648526077098,0.15930236876010895,0.4418807988241342,256,15.93991817751268,-66.49678499096447,-6.28506785893315,0.794952392579125,20.587114720741898,27.808375928421313,0.06554312268056207,V16.1,0.0729525120440468,23.156984283389534,LJ042-0020,,1749.5033521753946,128
nan,nan,nan,full_008,full,23.20932652510616,11,8.442811301696253,7.529070294784581,0.1161760464310646,0.0,256,20.233116504552143,-12.772050113900928,10.11379386955326,0.61566162109475,nan,nan,0.07292140012209132,V16.1,0.018317511565150348,21.790510994016017,LJ035-0008,,1532.9507972115048,128
0.3284977254530583,23.6003660137202,2.9658049886621316,silence_008,silence,23.20932652510616,11,8.565599150934231,7.7496598639455785,0.11617612093687057,0.2219546339509081,256,18.971073698757948,-66.44062230855839,8.13480696602942,0.61566162109475,20.02254453848714,21.744087258716004,0.07187607197554131,V16.1,0.046400983146067415,21.816442878509182,LJ035-0008,,1532.951495021315,128
nan,nan,nan,full_009,full,23.20932652510616,11,8.534871936443444,7.1807709750566895,0.11459551751613617,0.0,256,20.746285941980776,-21.717873954700877,13.26063137476116,0.445953369141625,nan,nan,0.052250739373006075,V16.1,0.023652233225545674,22.488627758684782,LJ021-0038,,1354.2949877513838,128
0.9453899667710887,22.708991753615337,4.912426303854875,silence_009,silence,23.20932652510616,11,8.651370695484772,7.378140589569161,0.11459926515817642,0.20177742991938086,256,19.517919761487196,-66.44645288645034,11.99799131399957,0.445953369141625,25.671574489591613,22.24922684392352,0.05154713453276493,V16.1,0.050206530291109365,22.432098982488974,LJ021-0038,,1354.3489377300593,128
nan,nan,nan,full_010,full,23.20932652510616,11,9.969994158800322,5.31156462585034,0.012932241894304752,0.0,256,22.74240699669091,-12.414014031255052,14.361256062532453,0.775482177735375,nan,nan,0.07778160803042214,V16.1,0.019475751366120217,26.625930088759162,LJ012-0227,,700.8807950588053,128
0.45705939194229017,24.633162477837832,1.143219954648526,silence_010,silence,23.20932652510616,11,10.381023746051,5.758548752834467,0.012977328151464462,0.4477601369039844,256,17.17345501563998,-66.52928579985789,-8.65099021007041,0.775482177735375,28.178795658477853,26.58960359156631,0.07470189806857842,V16.1,0.09571887600806452,26.365192071467767,LJ012-0227,,701.4624175960478,128
nan,nan,nan,full_011,full,23.20932652510616,11,6.810725668340454,2.4439002267573695,0.20856784284114838,0.0,256,18.63245183718904,-4.73654275613664,4.9574416855347785,0.36358642578225,nan,nan,0.05338438860715897,V16.1,0.018575564133016628,19.92534894060723,LJ014-0053,,2221.3498751376474,128
0.20879718748224316,24.252267251064236,1.647528344671202,silence_011,silence,23.20932652510616,11,7.1961686843283275,2.728344671201814,0.20857004821300507,0.28754785438221564,256,12.227609979616638,-66.46378857145871,-3.5484947015306356,0.36358642578225,20.120585207745137,22.192480943545473,0.050525000416800275,V16.1,0.121875,19.938054994180135,LJ014-0053,,2221.2887464370156,128
nan,nan,nan,full_012,full,23.20932652510616,11,10.421721963920545,8.469478458049887,0.12533925473690033,0.0,256,19.807458903544166,-14.502973841246899,10.523755405298642,0.616668701172875,nan,nan,0.0591714788877815,V16.1,0.020926148046607265,22.8855420554682,LJ008-0121,,1622.3360835868643,128
0.3049935096433095,22.583071671424477,3.449750566893424,silence_012,silence,23.20932652510616,11,10.595281603547308,8.753922902494331,0.1253402680158615,0.28341615105695983,256,18.087520063820158,-66.46476216926162,7.948541295447669,0.616668701172875,12.278700147168804,21.5942062555712,0.05820220020917788,V16.1,0.05263076094164456,22.83337503440706,LJ008-0121,,1622.3518562135378,128
nan,nan,nan,full_013,full,23.20932652510616,11,10.697233159719557,6.635102040816326,0.17566703259944916,0.0,256,21.18294274856628,-8.160522363541594,10.863859990075682,0.712921142579125,nan,nan,0.06664537754051515,V16.1,0.012549212598425197,21.670054929876393,LJ003-0260,,1628.8122991272826,128
0.15503069910082692,18.95512333312056,3.5852154195011336,silence_013,silence,23.20932652510616,11,10.937859225651717,6.936961451247165,0.1756671667098999,0.3050266772285032,256,18.196365720190787,-66.46383137155291,4.844642155876843,0.712921142579125,21.697052201604055,22.07515101916167,0.06517922089326475,V16.1,0.05594926778242678,21.66245112840505,LJ003-0260,,1628.8125451631602,128
nan,nan,nan,full_014,full,23.20932652510616,11,8.512806791735471,6.820861678004535,0.17008841037750244,0.0,256,21.249795035700156,-9.664241166814762,11.634596449653502,0.5941162109385,nan,nan,0.06979087220759853,V16.1,0.016941489361702127,23.01990254207766,LJ032-0003,,1744.513683533527,128
0.18662541836087607,14.694843256140746,5.0679818594104304,silence_014,silence,23.20932652510616,11,8.677841043307005,7.087891156462585,0.17008839547634125,0.2711213577804705,256,18.8804780617756,-66.46414700922206,9.31500390222231,0.5941162109385,27.812032698383106,23.23572837825987,0.06846359687448396,V16.1,0.05440596846846847,22.992502870246234,LJ032-0003,,1744.513564027699,128
nan,nan,nan,full_015,full,23.20932652510616,11,7.23600132165256,5.938503401360544,0.043041739612817764,0.0,256,21.165592313534574,-9.860275879351773,5.606696388664935,0.457244873047875,nan,nan,0.06319026942026777,V16.1,0.020451490713587487,24.87815188052376,LJ040-0156,,876.5955327296715,128
0.8103950360527946,24.436975574599668,1.6491156462585035,silence_015,silence,23.20932652510616,11,7.4279709708375385,6.257777777777778,0.04304172098636627,0.3206945549687946,256,17.12253286131551,-66.46419738429789,-4.589061907393263,0.457244873047875,25.63451203212314,29.010537467008156,0.061557170166066294,V16.1,0.07062413033395176,24.715456884298682,LJ040-0156,,876.5954658991809,128
nan,nan,nan,full_016,full,23.20932652510616,11,9.065567621371988,5.996553287981859,0.10596775263547897,0.0,256,21.850913635474175,-12.06808575815125,9.845112766674914,0.6495361328135,nan,nan,0.07164869977619043,V16.1,0.021282066795740563,24.0842801535825,LJ037-0185,,1125.8906047452472,128
0.2663381691725465,23.570628399333803,3.7737414965986393,silence_016,silence,23.20932652510616,11,9.230805622274392,6.217142857142857,0.10596764832735062,0.22240484132255495,256,20.075589211352966,-66.45483006182579,8.02596498528754,0.6495361328135,25.862048657548836,28.203379605558187,0.07036613697475182,V16.1,0.056255835667600375,24.073265321956434,LJ037-0185,,1125.890667044194,128
nan,nan,nan,full_017,full,23.20932652510616,11,9.780138119211012,6.437732426303855,0.18107512593269348,0.0,256,18.81911561262311,-11.093228979961351,4.32661551329409,0.631011962891625,nan,nan,0.06451973941373643,V16.1,0.023416366095581606,23.01935389685022,LJ028-0172,,1994.6354381438014,128
0.2894394572137168,19.227947261071588,1.5820408163265307,silence_017,silence,23.20932652510616,11,10.002492859068145,6.733786848072563,0.1810753047466278,0.29770861753748534,256,16.19111455759528,-66.47027688526227,-0.5614389948859038,0.631011962891625,22.361881293495713,22.135111903593682,0.06308546996957407,V16.1,0.06656115301724137,22.8449039145127,LJ028-0172,,1994.6344994592414,128
nan,nan,nan,full_018,full,23.20932652510616,11,7.652222764110403,6.031383219954648,0.12488379329442978,0.0,256,21.453588176337263,-10.220682075697551,11.504898407332293,0.60443115234475,nan,nan,0.07898765770018261,V16.1,0.012293972569778632,23.622346577326503,LJ001-0130,,1462.4816881933607,128
0.4810476182636198,25.623624637898583,4.182358276643991,silence_018,silence,23.20932652510616,11,7.8950954458732605,6.42031746031746,0.12490814924240112,0.3880728733140657,256,17.308016449271843,-66.4636677480834,4.844245793117313,0.60443115234475,21.890185482607972,23.99227119703777,0.07655780179995024,V16.1,0.07200073462929475,23.524471526669725,LJ001-0130,,1462.6803414427097,128
nan,nan,nan,full_019,full,23.20932652510616,11,9.005907973562211,9.154467120181407,0.07475532591342926,0.0,256,20.73240637563509,-5.425030337515678,7.918125911566964,0.634979248047875,nan,nan,0.0705069660830332,V16.1,0.013707791693088143,24.48564318536818,LJ002-0185,,925.0102289837879,128
1.2793694335031376,24.623948964292325,2.872562358276644,silence_019,silence,23.20932652510616,11,9.116588909404383,9.380861678004536,0.07475577294826508,0.22915110085885837,256,19.481823023137444,-66.4609525713105,5.606070123793676,0.634979248047875,25.779111151249047,20.724037761224572,0.0696509686187269,V16.1,0.037805538366336634,24.51522565814551,LJ002-0185,,925.0264295659573,128
nan,nan,nan,full_020,full,23.20932652510616,11,8.294575347960276,9.537596371882087,0.19790726900100708,0.0,256,18.681203055407842,-15.072507598825213,2.6124053010994572,0.463867187501,nan,nan,0.05592416344819572,V16.1,0.031454465916007306,22.525694952616075,LJ019-0167,,1865.639486910456,128
0.8383321365713629,20.32483958120483,7.0968253968253965,silence_020,silence,23.20932652510616,11,8.466955900855973,9.93814058956916,0.19791066646575928,0.40302371774667967,256,16.030481389138174,-66.48247167707146,-7.95134477991628,0.463867187501,23.89010884564104,24.961967837561026,0.05478559153067492,V16.1,0.07070038697429906,22.459352400005965,LJ019-0167,,1865.7004147861765,128
nan,nan,nan,full_021,full,23.20932652510616,11,9.604703276638357,6.623492063492064,0.05413532629609108,0.0,256,20.31838632311599,-9.436630439809665,0.8301900094384391,0.66046142578225,nan,nan,0.0687643758219053,V16.1,0.02104787467134093,25.167026487883867,LJ003-0346,,886.6336467778657,128
0.5894840511996634,26.328824349399248,1.9920181405895692,silence_021,silence,23.20932652510616,11,9.903108351600654,7.041451247165533,0.05413780361413956,0.41895694757637314,256,15.846179620941152,-66.70613482520946,-7.111371591227667,0.66046142578225,22.88655088657488,27.339159722970287,0.0666923356105253,V16.1,0.07929719703215168,24.965791676222636,LJ003-0346,,886.6722891659641,128
nan,nan,nan,full_022,full,23.20932652510616,11,11.813613446137103,8.109569160997733,0.2098120003938675,0.0,256,22.17614209048185,-24.597374672556978,13.924489734859407,0.911621093751,nan,nan,0.07716699872529471,V16.1,0.023247360415175375,22.93870657102103,LJ017-0206,,2111.1523001760397,128
0.18792369473005507,26.847850541950727,2.8968253968253967,silence_022,silence,23.20932652510616,11,11.935600793559326,8.277913832199546,0.20982146263122559,0.16993020188706973,256,21.21304397016418,-66.57734703112263,11.915056039054061,0.911621093751,22.48571778276233,22.452224101864108,0.07637831639199864,V16.1,0.04324268057503506,22.861446031670027,LJ017-0206,,2111.2844729027643,128
nan,nan,nan,full_023,full,23.20932652510616,11,8.822938067390966,10.001995464852607,0.14380612969398499,0.0,256,17.788831132200862,-22.64340634089494,2.860957805432452,0.415863037110375,nan,nan,0.047134303100070045,V16.1,0.040508923389437027,22.041621740594437,LJ005-0127,,1407.8141021713361,128
0.7533839894060426,18.32442582252807,3.317233560090703,silence_023,silence,23.20932652510616,11,9.007903602528689,10.425759637188209,0.14381368458271027,0.422972790828541,256,15.273122625268002,-66.46504475705653,-1.340771941059347,0.415863037110375,21.927918367914682,25.093573218433562,0.04616646174861668,V16.1,0.07945608296213809,21.909148590116786,LJ005-0127,,1407.8959699810837,128
0.8695558576871498,15.918121314559341,6.13718820861678,concat_000,concat,23.20932652510616,11,9.26711587515454,13.264399092970521,0.11377440392971039,0.05327369630342452,256,19.678636261038182,-14.531842193978965,4.48293525794133,0.657562255860375,23.67075936379951,19.34991350315068,0.07095651599804154,V16.1,0.028552379649890592,23.163562107899192,LJ018-0351,LJ039-0187,1468.5758481461855,128
1.584403538315555,19.345029781157212,8.668163265306122,concat_001,concat,23.20932652510616,11,10.423280437159343,16.445532879818593,0.15673620998859406,0.08617225919788099,256,20.682634020921338,-10.036786033474645,9.033581385643839,0.694427490235375,20.33501290116025,24.39709429177562,0.06662273882119629,V16.1,0.01951608277444405,22.840098321919932,LJ043-0063,LJ014-0257,1584.4267098071982,128
1.1248430857016563,25.25787769539231,6.276507936507937,concat_002,concat,23.20932652510616,11,10.398926180613708,9.752380952380953,0.08718112111091614,0.07875715403685278,256,22.21245325858525,-13.762352050122537,10.693433909568855,0.7161865234385,27.30360956231258,23.581176134914095,0.06887119987093072,V16.1,0.01806175595238095,24.206331615307903,LJ006-0020,LJ040-0153,1199.6533167553316,128
1.6365734866150756,1.9911535595315528,8.70299319727891,concat_003,concat,23.20932652510616,11,9.014617768787652,16.294603174603175,0.17319758236408234,0.2268535132130013,256,20.111642928048937,-66.46218504736892,7.407209043729824,0.614746093751,19.658523139314532,24.041622148791006,0.0681943604830913,V16.1,0.027289477199857498,22.519012329325125,LJ044-0116,LJ006-0235,1661.3628780222225,128
0.3259961639848312,20.255779519676693,7.9019047619047615,concat_004,concat,23.20932652510616,11,7.5867673299207805,13.10766439909297,0.12221310287714005,0.23251063804318328,256,19.80078305749501,-66.45974518181727,6.394891752086402,0.45611572265725,25.51647345676723,22.809792794133294,0.060119903881964164,V16.1,0.03599701062887511,23.803809949321135,LJ040-0195,LJ047-0049,1436.7141144858376,128
0.3201273445919731,20.23288662811219,7.55360544217687,concat_005,concat,23.20932652510616,11,7.806221590792071,14.994285714285715,0.06057146564126015,0.1326863719002646,256,19.462532401971544,-18.775403670014686,-1.7570663502450772,0.476531982422875,23.955623020644662,26.79484785908922,0.06104515185389667,V16.1,0.03667912795199381,24.227149525271127,LJ019-0222,LJ036-0124,1008.2903987503242,128
0.24934948555304495,15.484463393461112,2.3407256235827663,concat_006,concat,23.20932652510616,11,7.949793737480414,11.371972789115647,0.12499118596315384,0.2373361222431034,256,19.78089659043204,-66.46440066185333,5.543038052255408,0.531707763672875,21.77567954939688,19.280610893000656,0.06688321498935432,V16.1,0.03781026671771312,23.76957650169922,LJ047-0092,LJ047-0202,1476.380521511094,128
0.29324712861866237,23.079171729405324,7.623265306122449,concat_007,concat,23.20932652510616,11,10.98386887526549,12.347210884353741,0.07279394567012787,0.15541955105716226,256,19.30948253838688,-66.46476930104097,-3.9251608048914504,0.801666259766625,23.257572095915457,27.37544772917031,0.0729857820463342,V16.1,0.03782469440526563,24.255043950079035,LJ047-0163,LJ001-0063,1082.4650070639314,128
0.3058364012625908,12.037242714820293,8.041224489795919,concat_008,concat,23.20932652510616,11,9.835027761217278,14.756281179138321,0.07169388234615326,0.2212681122765197,256,18.894316957214198,-66.46171716695403,2.82850538867052,0.620513916016625,21.619429418453464,25.494787986464186,0.06309223838225232,V16.1,0.03690806943351692,23.79018183798881,LJ038-0180,LJ003-0083,1027.2139458368845,128
0.3042839376202706,14.684884324647562,8.819092970521542,concat_009,concat,23.20932652510616,11,8.500638229694058,15.603809523809524,0.17063008248806,0.18567296657438942,256,19.65422700848009,-66.45776337176132,7.5496591319300315,0.622528076172875,25.29193191739235,20.256569676036598,0.07323309842663182,V16.1,0.03266834077380952,22.223575242275917,LJ005-0033,LJ042-0181,1818.1782162244465,128
0.483494822109526,23.14949022792389,6.148798185941043,concat_010,concat,23.20932652510616,11,8.151837197219258,14.907210884353741,0.09206975251436234,0.1274280849521926,256,20.668929872139792,-25.411068437821527,10.351509817850454,0.5096435546885,22.822050938690168,20.633063424706908,0.06251885830769496,V16.1,0.03836278232087227,24.073435753345123,LJ042-0174,LJ021-0069,1222.9046530555443,128
0.2805423198216023,21.86515573185804,3.7803628117913832,concat_011,concat,23.20932652510616,11,8.26723366890678,6.681541950113378,0.03179757669568062,0.20360743212272697,256,19.808946720045572,-66.46377207547646,9.87253203619712,0.574462890626,27.761774170713437,27.16933839426742,0.06948671268096586,V16.1,0.0435355125977411,24.35809975287638,LJ024-0021,LJ010-0118,809.1233312963909,128
nan,nan,nan,full_000,full,19.925409648001555,13,10.785311844847541,7.047256235827664,0.057239383459091187,0.0,256,17.022093646155923,-10.757186287704904,-2.775182718355155,0.7276611328135,nan,nan,0.06746778797595357,V16.2,0.034918142504118614,20.17614884893287,LJ033-0083,,1075.4766194365259,256
0.09037199161345133,9.224883462585689,3.9291156462585035,silence_000,silence,19.925409648001555,13,10.935298960583708,7.244625850340136,0.05723939463496208,0.19864733444418353,256,15.614998343297877,-60.99875100145921,-5.139728230550085,0.7276611328135,15.878124087038621,26.962718741063423,0.06654240871012486,V16.2,0.061366937099358976,20.139291182471496,LJ033-0083,,1075.4758919230167,256
nan,nan,nan,full_001,full,19.925409648001555,13,8.781181844731805,4.748480725623582,0.21428699791431427,0.0,256,19.52192447873309,-1.5952044655586348,12.31915818985837,0.52313232421975,nan,nan,0.05957425019330599,V16.2,0.0101619804400978,18.519447022296443,LJ007-0127,,2016.3246517189261,256
0.7482023125439449,18.48731396384396,2.04702947845805,silence_001,silence,19.925409648001555,13,9.19031222603481,5.201269841269841,0.21429890394210815,0.44857962743155966,256,13.86526316872262,-61.84965012048744,8.256973466058605,0.52313232421975,18.809507895460783,21.48009554478605,0.05692214925284066,V16.2,0.09558977399553571,18.450326009348878,LJ007-0127,,2016.390750524677,256
nan,nan,nan,full_002,full,19.925409648001555,13,9.857702965439673,9.566621315192744,0.1458912491798401,0.0,256,15.94511374183479,-5.528687301219484,-0.33740413926796686,0.583648681641625,nan,nan,0.059207371502062234,V16.2,0.026348225121359224,18.14217366678975,LJ028-0157,,1665.7024292852946,256
0.36591516394648294,18.04638250227892,4.627936507936508,silence_002,silence,19.925409648001555,13,9.964789854362337,9.775600907029478,0.14589138329029083,0.20285811390366407,256,15.077105017410993,-60.92009715270961,-2.0060442928121054,0.583648681641625,20.220433934499628,15.573194376901846,0.0585710978517177,V16.2,0.04664767666270784,18.220190321459178,LJ028-0157,,1665.7025755365964,256
nan,nan,nan,full_003,full,19.925409648001555,13,6.075466582377949,4.365351473922902,0.04051505774259567,0.0,256,21.318391561582892,1.672365893660013,13.102530772937072,0.428222656251,nan,nan,0.07048391270672043,V16.2,0.012155086436170214,21.04379406933175,LJ036-0177,,760.6935598273969,256
0.2752333671124027,27.140101144768604,3.353968253968254,silence_003,silence,19.925409648001555,13,6.250678552202857,4.620770975056689,0.04051527380943298,0.2511656957672945,256,18.24262696071916,-60.993394752899164,8.689989496084964,0.428222656251,17.053820513233447,20.948138776296084,0.06850818717814812,V16.2,0.06589588567839195,20.985121189656645,LJ036-0177,,760.6958378811572,256
nan,nan,nan,full_004,full,19.925409648001555,13,10.07589195849844,9.334421768707482,0.06327623873949051,0.0,256,15.560268202345085,-16.266399311245976,-6.201346215874453,0.60357666015725,nan,nan,0.05990305003599127,V16.2,0.061528296019900494,20.693381710911098,LJ037-0235,,1077.47020642467,256
0.15106460570840838,7.823678398450927,7.433605442176871,silence_004,silence,19.925409648001555,13,10.249841096733585,9.659501133786849,0.06327623128890991,0.32729094388426716,256,13.189989688499361,-61.00084891263123,-9.382510992819242,0.60357666015725,17.01017786734072,19.107044246525067,0.05888644072144179,V16.2,0.09326641376201923,20.60111699041876,LJ037-0235,,1077.470133165582,256
nan,nan,nan,full_005,full,19.925409648001555,13,9.825377418907877,8.092154195011338,0.06566502898931503,0.0,256,19.774176242542733,-1.1538197820899634,8.732057204338096,0.685394287110375,nan,nan,0.06975755310748494,V16.2,0.01601170193687231,21.026289370491504,LJ020-0041,,1081.930778293442,256
0.1399490134145897,27.100330239266018,2.057142857142857,silence_005,silence,19.925409648001555,13,9.937510905146109,8.277913832199546,0.06566457450389862,0.1843047703068256,256,19.507717560842828,-60.81898811945527,8.088045788718205,0.685394287110375,26.334307242645338,17.22127419517619,0.06897041861312657,V16.2,0.03797773492286115,21.010996718351073,LJ020-0041,,1081.9305629540875,256
nan,nan,nan,full_006,full,19.925409648001555,13,9.044867036540397,4.365351473922902,0.039844878017902374,0.0,256,16.91259278633355,-8.835772871795019,2.02102865544881,0.4866943359385,nan,nan,0.05380889889959206,V16.2,0.036309424867021274,20.53210723485414,LJ016-0284,,775.614414690993,256
0.18543168010811983,22.92342036772435,1.327891156462585,silence_006,silence,19.925409648001555,13,9.5023780925216,4.818140589569161,0.03984630107879639,0.4496891895652325,256,11.136325264021174,-61.014276382714954,-6.842317998641653,0.4866943359385,23.656768081502157,18.957441771055706,0.05121816151601329,V16.2,0.12638365963855422,20.375822710611008,LJ016-0284,,775.631806618242,256
nan,nan,nan,full_007,full,19.925409648001555,13,11.802945903125224,7.987664399092971,0.15930253267288208,0.0,256,18.325750182705978,-8.81557152317287,4.554687702460972,0.794952392579125,nan,nan,0.06735203220382734,V16.2,0.0216319949127907,18.963779621585807,LJ042-0020,,1749.5029246443405,256
0.13105359074072326,22.987271588711693,5.868027210884354,silence_007,silence,19.925409648001555,13,12.12451866468355,8.428843537414966,0.15930236876010895,0.4418807988241342,256,14.907744030500135,-61.346890691314606,-0.9556925210379963,0.794952392579125,16.907343937547886,25.29679807477548,0.06556568673382043,V16.2,0.07291666666666667,18.954267142278244,LJ042-0020,,1749.5033521753946,256
nan,nan,nan,full_008,full,19.925409648001555,13,8.439556000393464,7.523265306122449,0.1161760464310646,0.0,256,18.27960379384208,-7.384295491186608,7.233480311326301,0.61566162109475,nan,nan,0.07294952732793139,V16.2,0.018186969521604937,17.65868553237872,LJ035-0008,,1532.9507972115048,256
0.25272871525115626,20.51990156669543,2.9658049886621316,silence_008,silence,19.925409648001555,13,8.562390283181664,7.743854875283446,0.11617612093687057,0.2219546339509081,256,17.163377841776907,-60.988641023400916,6.819612151387435,0.61566162109475,16.244723305445778,16.820681981615998,0.07190300847363575,V16.2,0.04633035044977511,17.600455003095032,LJ035-0008,,1532.951495021315,256
nan,nan,nan,full_009,full,19.925409648001555,13,8.531421391091019,7.174965986394557,0.11459551751613617,0.0,256,19.097664414265836,-16.266589668748235,9.086683982221876,0.445953369141625,nan,nan,0.052271872257861125,V16.2,0.0234375,18.914178771340193,LJ021-0038,,1354.2949877513838,256
0.6532572058692993,20.769603998610574,4.912426303854875,silence_009,silence,19.925409648001555,13,8.647967023214227,7.3723356009070296,0.11459926515817642,0.20177742991938086,256,17.984128051986335,-60.96482840865921,8.822745268185034,0.445953369141625,23.121341053468853,17.83064714754188,0.05156742248621892,V16.2,0.050049212598425194,18.89086124452019,LJ021-0038,,1354.3489377300593,256
nan,nan,nan,full_010,full,19.925409648001555,13,9.964544850912405,5.305759637188209,0.012932241894304752,0.0,256,22.00461451307227,-7.28012472688529,13.18860282308862,0.775482177735375,nan,nan,0.07782414443690353,V16.2,0.019283369803063458,23.326127000157015,LJ012-0227,,700.8807950588053,256
0.2796692991519004,23.556370950082197,1.143219954648526,silence_010,silence,19.925409648001555,13,10.381023746051,5.758548752834467,0.012977328151464462,0.4477601369039844,256,16.700215860799034,-61.95480679236922,-3.1387828856891797,0.775482177735375,24.74589082806117,24.719946506519758,0.07470189806857842,V16.2,0.09571887600806452,23.155121947321874,LJ012-0227,,701.4624175960478,256
nan,nan,nan,full_011,full,19.925409648001555,13,6.802633865263382,2.4380952380952383,0.20856784284114838,0.0,256,17.37601366639933,-0.5749874672555886,2.956231963578153,0.36358642578225,nan,nan,0.05344788988748112,V16.2,0.01834077380952381,15.334158962350529,LJ014-0053,,2221.3498751376474,256
0.07391618183090119,24.127954828262766,1.647528344671202,silence_011,silence,19.925409648001555,13,7.1961686843283275,2.728344671201814,0.20857004821300507,0.28754785438221564,256,11.706140355975789,-61.77498797152205,-0.1908653981970319,0.36358642578225,15.855784055495274,23.19179442995965,0.050525000416800275,V16.2,0.121875,15.303891356303264,LJ014-0053,,2221.2887464370156,256
nan,nan,nan,full_012,full,19.925409648001555,13,10.418150169248113,8.463673469387755,0.12533925473690033,0.0,256,18.656790094585443,-9.190692312580458,7.944093421037834,0.616668701172875,nan,nan,0.059191765442459764,V16.2,0.020817258230452676,19.626198450867726,LJ008-0121,,1622.3360835868643,256
0.08669231850161413,24.808206788563375,3.449750566893424,silence_012,silence,19.925409648001555,13,10.595281603547308,8.753922902494331,0.1253402680158615,0.28341615105695983,256,17.17141706772819,-61.01224595889689,7.148187403964598,0.616668701172875,14.795306746373452,19.30742744590168,0.05820220020917788,V16.2,0.05263076094164456,19.595410895365493,LJ008-0121,,1622.3518562135378,256
nan,nan,nan,full_013,full,19.925409648001555,13,10.692553384893811,6.629297052154195,0.17566703259944916,0.0,256,19.46240112005508,-2.960802437918288,9.744758606384972,0.712921142579125,nan,nan,0.0666745460046644,V16.2,0.012443903239929947,17.908143991947014,LJ003-0260,,1628.8122991272826,256
0.02005570403449045,24.013349316475345,3.5852154195011336,silence_013,silence,19.925409648001555,13,10.933282888396445,6.931156462585034,0.1756671667098999,0.3050266772285032,256,16.76860074118617,-60.99955082951027,3.6482798076919027,0.712921142579125,15.460012980098053,15.992281505097976,0.06520650291824233,V16.2,0.05587180695142378,17.84251619619462,LJ003-0260,,1628.8125451631602,256
nan,nan,nan,full_014,full,19.925409648001555,13,8.509183800323507,6.815056689342404,0.17008841037750244,0.0,256,19.259415553831072,-4.1671224650148995,8.385034323386128,0.5941162109385,nan,nan,0.06982058736437251,V16.2,0.016756281942078365,18.605094489416754,LJ032-0003,,1744.513683533527,256
0.025551336959336438,18.94483632019543,5.0679818594104304,silence_014,silence,19.925409648001555,13,8.674287026380908,7.082086167800454,0.17008839547634125,0.2711213577804705,256,17.139077773006044,-60.996986073056746,6.005281005362047,0.5941162109385,24.480054583863506,18.06841731915319,0.06849164768504361,V16.2,0.05434170081967213,18.61048396825626,LJ032-0003,,1744.513564027699,256
nan,nan,nan,full_015,full,19.925409648001555,13,7.232463941218179,5.932698412698413,0.043041739612817764,0.0,256,19.545669836987916,-4.277270146034793,4.895398667279365,0.457244873047875,nan,nan,0.06322117562657738,V16.2,0.02025746086105675,21.225894796608884,LJ040-0156,,876.5955327296715,256
0.6450463602819354,21.986232919302502,1.6491156462585035,silence_015,silence,19.925409648001555,13,7.4279709708375385,6.257777777777778,0.04304172098636627,0.3206945549687946,256,15.98350923191899,-61.00088302619986,-0.031390777143955176,0.457244873047875,25.31353315080365,27.4274447808886,0.061557170166066294,V16.2,0.07062413033395176,21.273655617189018,LJ040-0156,,876.5954658991809,256
nan,nan,nan,full_016,full,19.925409648001555,13,9.06117913264264,5.990748299319728,0.10596775263547897,0.0,256,20.99413085847927,-6.621465853116629,10.320588901121345,0.6495361328135,nan,nan,0.07168340050408047,V16.2,0.02115128391472868,20.682997629473125,LJ037-0185,,1125.8906047452472,256
0.09169652372218545,24.74644046343141,3.7737414965986393,silence_016,silence,19.925409648001555,13,9.226495363478724,6.211337868480726,0.10596764832735062,0.22240484132255495,256,19.426384493267147,-60.938602293745106,5.7490550386608055,0.6495361328135,19.864349402903724,22.09226249401698,0.07039900928963072,V16.2,0.05615508177570094,20.622329024357246,LJ037-0185,,1125.890667044194,256
nan,nan,nan,full_017,full,19.925409648001555,13,9.77572832658511,6.431927437641724,0.18107512593269348,0.0,256,17.643448368544494,-6.3036391322922745,4.763815252744979,0.631011962891625,nan,nan,0.06454884401460002,V16.2,0.02331763312274368,19.9965745755553,LJ028-0172,,1994.6354381438014,256
0.2186247029492425,17.464328492446462,1.5820408163265307,silence_017,silence,19.925409648001555,13,10.002492859068145,6.733786848072563,0.1810753047466278,0.29770861753748534,256,15.193808390775434,-61.19455602904889,0.7241333513404915,0.631011962891625,18.96284085319939,18.324578167919036,0.06308546996957407,V16.2,0.06656115301724137,19.862699876801692,LJ028-0172,,1994.6344994592414,256
nan,nan,nan,full_018,full,19.925409648001555,13,7.648539886236872,6.025578231292517,0.12488379329442978,0.0,256,19.242662245507816,-5.508208246812947,9.039168008551274,0.60443115234475,nan,nan,0.07902569135120052,V16.2,0.012192919075144509,19.43476585712216,LJ001-0130,,1462.4816881933607,256
0.24557380885118707,24.411289446469787,4.182358276643991,silence_018,silence,19.925409648001555,13,7.8950954458732605,6.42031746031746,0.12490814924240112,0.3880728733140657,256,15.429604229357412,-61.29150088466269,2.8396757274074242,0.60443115234475,18.525414756098108,20.908457762032803,0.07655780179995024,V16.2,0.07200073462929475,19.39207602533443,LJ001-0130,,1462.6803414427097,256
nan,nan,nan,full_019,full,19.925409648001555,13,9.00305376463387,9.148662131519274,0.07475532591342926,0.0,256,18.74916346854354,-0.9653158154745556,5.720062250918958,0.634979248047875,nan,nan,0.0705293186777603,V16.2,0.013676832170050762,20.342963259847156,LJ002-0185,,925.0102289837879,256
1.2633226892522729,20.398936156285238,2.872562358276644,silence_019,silence,19.925409648001555,13,9.116588909404383,9.380861678004536,0.07475577294826508,0.22915110085885837,256,17.576464100193792,-61.325416993541744,3.8727897895694636,0.634979248047875,21.836188953572282,18.045156202964122,0.0696509686187269,V16.2,0.037805538366336634,20.23539598426334,LJ002-0185,,925.0264295659573,256
nan,nan,nan,full_020,full,19.925409648001555,13,8.292051552449658,9.531791383219955,0.19790726900100708,0.0,256,17.04194808011658,-9.64954470510089,2.4875074734014424,0.463867187501,nan,nan,0.05594118470665697,V16.2,0.031378463763702805,18.887086806790222,LJ019-0167,,1865.639486910456,256
1.0576265531146862,15.762220706960006,7.0968253968253965,silence_020,silence,19.925409648001555,13,8.466955900855973,9.93814058956916,0.19791066646575928,0.40302371774667967,256,14.606739112364327,-62.885964850877315,-2.6658203351867025,0.463867187501,23.45586450596751,20.840689851881162,0.05478559153067492,V16.2,0.07070038697429906,18.90589563924777,LJ019-0167,,1865.7004147861765,256
nan,nan,nan,full_021,full,19.925409648001555,13,9.600494128488585,6.617687074829932,0.05413532629609108,0.0,256,18.960732480441152,-3.9477858130248973,4.841957591835817,0.66046142578225,nan,nan,0.068794524212331,V16.2,0.021011513157894738,21.645258153976776,LJ003-0346,,886.6336467778657,256
0.434739068326155,24.344599432018754,1.9920181405895692,silence_021,silence,19.925409648001555,13,9.899026451818502,7.035646258503402,0.05413780361413956,0.41895694757637314,256,14.920042645713837,-61.59952248178942,-1.6314826339889128,0.66046142578225,19.130060366257787,24.736408366905806,0.06671983643917032,V16.2,0.07929171823432343,21.662713596300716,LJ003-0346,,886.6722891659641,256
nan,nan,nan,full_022,full,19.925409648001555,13,11.809384138345939,8.103764172335602,0.2098120003938675,0.0,256,20.848517047570738,-19.25713396457416,9.7295943529846,0.911621093751,nan,nan,0.07719463462782024,V16.2,0.02312410458452722,20.03784785734908,LJ017-0206,,2111.1523001760397,256
0.0769253773147035,28.02406485485043,2.8968253968253967,silence_022,silence,19.925409648001555,13,11.935600793559326,8.277913832199546,0.20982146263122559,0.16993020188706973,256,19.90316503609292,-61.75279697192971,8.900853185033768,0.911621093751,23.106450022322154,20.893297888877754,0.07637831639199864,V16.2,0.04324268057503506,20.15854150956634,LJ017-0206,,2111.2844729027643,256
nan,nan,nan,full_023,full,19.925409648001555,13,8.820377429034073,9.996190476190476,0.14380612969398499,0.0,256,16.281142781391907,-17.11422429795327,5.26580840901058,0.415863037110375,nan,nan,0.04714798663066917,V16.2,0.040391804587688734,18.318808500798283,LJ005-0127,,1407.8141021713361,256
0.705401461977701,14.874407040622978,3.317233560090703,silence_023,silence,19.925409648001555,13,9.007903602528689,10.425759637188209,0.14381368458271027,0.422972790828541,256,13.99350549534085,-61.0329824816236,-0.3807268849725539,0.415863037110375,19.03090992263776,22.735720928664808,0.04616646174861668,V16.2,0.07945608296213809,18.173329267138747,LJ005-0127,,1407.8959699810837,256
0.37480483844261775,16.382409154864355,6.13718820861678,concat_000,concat,19.925409648001555,13,9.265088219907849,13.25859410430839,0.11377440392971039,0.05327369630342452,256,18.278451815426514,-8.944434014775624,1.3131800402237104,0.657562255860375,19.72883560939604,15.462269974488985,0.07097204476026565,V16.2,0.028496470008756568,19.974827698007577,LJ018-0351,LJ039-0187,1468.5758481461855,256
1.1753018156997745,17.65696030932611,8.668163265306122,concat_001,concat,19.925409648001555,13,10.421440518160571,16.439727891156462,0.15673620998859406,0.08617225919788099,256,19.141741821411305,-4.862977513636968,6.877844960735083,0.694427490235375,19.207337458443014,19.07641070193234,0.06663450115315948,V16.2,0.019470559675141243,19.85639821648554,LJ043-0063,LJ014-0257,1584.4267098071982,256
0.6887332105330879,23.974809049226824,6.276507936507937,concat_002,concat,19.925409648001555,13,10.398926180613708,9.752380952380953,0.08718112111091614,0.07875715403685278,256,20.147571945303294,-8.062276959137677,9.022405233632544,0.7161865234385,24.770397357808207,20.49247469280312,0.06887119987093072,V16.2,0.01806175595238095,20.792853733858504,LJ006-0020,LJ040-0153,1199.6533167553316,256
0.9850859994451764,0.36269401272221835,8.70299319727891,concat_003,concat,19.925409648001555,13,9.013012379163545,16.288798185941044,0.17319758236408234,0.2268535132130013,256,18.151956641291136,-60.98426666034092,5.675279354421128,0.614746093751,15.35604111531589,19.263241381757076,0.06820650720098519,V16.2,0.02727136047754811,18.68748609175023,LJ044-0116,LJ006-0235,1661.3628780222225,256
0.06946996787621636,23.449212443494606,7.9019047619047615,concat_004,concat,19.925409648001555,13,7.5867673299207805,13.10766439909297,0.12221310287714005,0.23251063804318328,256,18.921018984349885,-60.964833548560186,6.819707062002554,0.45611572265725,22.5173959804521,17.857124172549792,0.060119903881964164,V16.2,0.03599701062887511,20.28308991752003,LJ040-0195,LJ047-0049,1436.7141144858376,256
0.04757003029375527,24.496918842879047,7.55360544217687,concat_005,concat,19.925409648001555,13,7.804710557194393,14.988480725623583,0.06057146564126015,0.1326863719002646,256,18.566877860423883,-13.259828533422171,1.7337776523838522,0.476531982422875,18.41464652801345,22.650204093562024,0.06105697052093782,V16.2,0.036660050348567,20.212971377893734,LJ019-0222,LJ036-0124,1008.2903987503242,256
0.062224250933004197,18.05477623274927,2.3407256235827663,concat_006,concat,19.925409648001555,13,7.94776537325976,11.366167800453514,0.12499118596315384,0.2373361222431034,256,18.414547018707104,-61.00395332609401,4.0667521988646405,0.531707763672875,16.70075716617848,16.415894398411414,0.06690028438104839,V16.2,0.03780164708886619,20.31361855579663,LJ047-0092,LJ047-0202,1476.380521511094,256
0.12207420169512956,23.071888872521686,7.623265306122449,concat_007,concat,19.925409648001555,13,10.981287403581856,12.34140589569161,0.07279394567012787,0.15541955105716226,256,18.462675299128698,-60.97600319512863,-0.5528477156847446,0.801666259766625,19.512577291235253,25.051843293031983,0.07300293948177311,V16.2,0.03780206373471308,20.44370396910076,LJ047-0163,LJ001-0063,1082.4650070639314,256
0.11665477024481001,11.889389236645947,8.041224489795919,concat_008,concat,19.925409648001555,13,9.835027761217278,14.756281179138321,0.07169388234615326,0.2212681122765197,256,17.60991564292122,-60.985662576139575,1.698178169144668,0.620513916016625,15.56768815611034,24.386086283117713,0.06309223838225232,V16.2,0.03690806943351692,19.456461610248073,LJ038-0180,LJ003-0083,1027.2139458368845,256
0.4193859402915623,9.47859154288108,8.819092970521542,concat_009,concat,19.925409648001555,13,8.500638229694058,15.603809523809524,0.17063008248806,0.18567296657438942,256,17.252325728338203,-60.98647465336062,7.562298424848675,0.622528076172875,22.053709334348262,16.243916686600357,0.07323309842663182,V16.2,0.03266834077380952,18.41063054243261,LJ005-0033,LJ042-0181,1818.1782162244465,256
0.2501754232650761,22.578995549403995,6.148798185941043,concat_010,concat,19.925409648001555,13,8.151837197219258,14.907210884353741,0.09206975251436234,0.1274280849521926,256,19.480017898012978,-19.947270963031364,8.28070322747603,0.5096435546885,18.175867443539243,19.254489875906728,0.06251885830769496,V16.2,0.03836278232087227,20.6414691602939,LJ042-0174,LJ021-0069,1222.9046530555443,256
0.06589549391384716,24.957159347499815,3.7803628117913832,concat_011,concat,19.925409648001555,13,8.263641342847583,6.675736961451247,0.03179757669568062,0.20360743212272697,256,18.71310768939994,-61.002151311807935,7.528962376865882,0.574462890626,26.52165828649457,23.741623875910754,0.06951691957383294,V16.2,0.04345108695652174,21.162452676136635,LJ024-0021,LJ010-0118,809.1233312963909,256
nan,nan,nan,full_000,full,20.732428689374803,13,10.785311844847541,7.047256235827664,0.057239383459091187,0.0,384,18.770804091902153,-6.631718552942765,1.3876222062675112,0.7276611328135,nan,nan,0.06746778797595357,V16.3,0.034918142504118614,20.95603595375911,LJ033-0083,,1075.4766194365259,256
0.06994699357094147,11.140236111257916,3.9291156462585035,silence_000,silence,20.732428689374803,13,10.935298960583708,7.244625850340136,0.05723939463496208,0.19864733444418353,384,17.3587353258571,-56.85045540957191,-1.0940722576364676,0.7276611328135,16.80409574421082,27.964929460358093,0.06654240871012486,V16.3,0.061366937099358976,20.94199644473764,LJ033-0083,,1075.4758919230167,256
nan,nan,nan,full_001,full,20.732428689374803,13,8.781181844731805,4.748480725623582,0.21428699791431427,0.0,384,20.472040227326612,2.4557519162681545,12.887434859153725,0.52313232421975,nan,nan,0.05957425019330599,V16.3,0.0101619804400978,19.27007984541078,LJ007-0127,,2016.3246517189261,256
0.792732644596324,19.023203590503705,2.04702947845805,silence_001,silence,20.732428689374803,13,9.19031222603481,5.201269841269841,0.21429890394210815,0.44857962743155966,384,15.195377238852943,-58.20813067268962,11.071819056945014,0.52313232421975,19.909102505706638,22.61292678212429,0.05692214925284066,V16.3,0.09558977399553571,19.237292618007174,LJ007-0127,,2016.390750524677,256
nan,nan,nan,full_002,full,20.732428689374803,13,9.857702965439673,9.566621315192744,0.1458912491798401,0.0,384,17.603926415937373,-1.4187064678120525,1.9155962279433627,0.583648681641625,nan,nan,0.059207371502062234,V16.3,0.026348225121359224,19.215816460562763,LJ028-0157,,1665.7024292852946,256
0.32500982444473003,19.56238174789602,4.627936507936508,silence_002,silence,20.732428689374803,13,9.964789854362337,9.775600907029478,0.14589138329029083,0.20285811390366407,384,16.776153079651223,-56.86585682518488,1.0358368779538867,0.583648681641625,20.893005687134682,16.20915052254563,0.0585710978517177,V16.3,0.04664767666270784,19.221350478719238,LJ028-0157,,1665.7025755365964,256
nan,nan,nan,full_003,full,20.732428689374803,13,6.075466582377949,4.365351473922902,0.04051505774259567,0.0,384,22.464007535453334,5.626576312432592,15.300028123183015,0.428222656251,nan,nan,0.07048391270672043,V16.3,0.012155086436170214,21.777411311186388,LJ036-0177,,760.6935598273969,256
0.31549013955241895,27.304086708898506,3.353968253968254,silence_003,silence,20.732428689374803,13,6.250678552202857,4.620770975056689,0.04051527380943298,0.2511656957672945,384,19.549857881546345,-56.87649792470688,11.2521720369186,0.428222656251,17.838284200362224,22.16778216307304,0.06850818717814812,V16.3,0.06589588567839195,21.741953840141385,LJ036-0177,,760.6958378811572,256
nan,nan,nan,full_004,full,20.732428689374803,13,10.07589195849844,9.334421768707482,0.06327623873949051,0.0,384,17.122583728931996,-12.120342502154266,-2.544214684039857,0.60357666015725,nan,nan,0.05990305003599127,V16.3,0.061528296019900494,21.45236925393778,LJ037-0235,,1077.47020642467,256
0.138426499792476,9.128345249675645,7.433605442176871,silence_004,silence,20.732428689374803,13,10.249841096733585,9.659501133786849,0.06327623128890991,0.32729094388426716,384,14.9158763425063,-56.886812715546554,-5.284047795212799,0.60357666015725,17.962706232298565,19.925710708308934,0.05888644072144179,V16.3,0.09326641376201923,21.52634933655959,LJ037-0235,,1077.470133165582,256
nan,nan,nan,full_005,full,20.732428689374803,13,9.825377418907877,8.092154195011338,0.06566502898931503,0.0,384,21.03803118304248,0.2773158387680213,10.076129253345448,0.685394287110375,nan,nan,0.06975755310748494,V16.3,0.01601170193687231,21.83737934501731,LJ020-0041,,1081.930778293442,256
0.1326487155985252,28.200072160976948,2.057142857142857,silence_005,silence,20.732428689374803,13,9.937510905146109,8.277913832199546,0.06566457450389862,0.1843047703068256,384,20.87326939683427,-56.79652171465898,9.076169534799272,0.685394287110375,26.982027439308993,17.897924811834866,0.06897041861312657,V16.3,0.03797773492286115,21.878070957083985,LJ020-0041,,1081.9305629540875,256
nan,nan,nan,full_006,full,20.732428689374803,13,9.044867036540397,4.365351473922902,0.039844878017902374,0.0,384,18.74330442323541,-4.617275203349522,5.266061679039293,0.4866943359385,nan,nan,0.05380889889959206,V16.3,0.036309424867021274,21.449927886962726,LJ016-0284,,775.614414690993,256
0.13798384770646308,25.230982069600863,1.327891156462585,silence_006,silence,20.732428689374803,13,9.5023780925216,4.818140589569161,0.03984630107879639,0.4496891895652325,384,13.151146649131814,-56.890655386441935,-3.051851965079549,0.4866943359385,25.2311095099059,19.456645641564787,0.05121816151601329,V16.3,0.12638365963855422,21.39982827411577,LJ016-0284,,775.631806618242,256
nan,nan,nan,full_007,full,20.732428689374803,13,11.802945903125224,7.987664399092971,0.15930253267288208,0.0,384,19.692033349271266,-4.582393659583237,5.946573999648937,0.794952392579125,nan,nan,0.06735203220382734,V16.3,0.0216319949127907,19.983680111078435,LJ042-0020,,1749.5029246443405,256
0.14026646589729322,23.733548073734937,5.868027210884354,silence_007,silence,20.732428689374803,13,12.12451866468355,8.428843537414966,0.15930236876010895,0.4418807988241342,384,16.458358956602787,-56.90539766927522,2.5263288893353586,0.794952392579125,18.27182583241505,26.674703478902696,0.06556568673382043,V16.3,0.07291666666666667,19.995593042008657,LJ042-0020,,1749.5033521753946,256
nan,nan,nan,full_008,full,20.732428689374803,13,8.439556000393464,7.523265306122449,0.1161760464310646,0.0,384,19.629087160618393,-3.2182988814428874,9.113848228668191,0.61566162109475,nan,nan,0.07294952732793139,V16.3,0.018186969521604937,18.979720318621233,LJ035-0008,,1532.9507972115048,256
0.27778564500343617,21.486524113840225,2.9658049886621316,silence_008,silence,20.732428689374803,13,8.562390283181664,7.743854875283446,0.11617612093687057,0.2219546339509081,384,18.657336506566722,-56.778323444571996,7.847324998241892,0.61566162109475,17.987557495940724,19.077205204196,0.07190300847363575,V16.3,0.04633035044977511,18.977629693135782,LJ035-0008,,1532.951495021315,256
nan,nan,nan,full_009,full,20.732428689374803,13,8.531421391091019,7.174965986394557,0.11459551751613617,0.0,384,20.165373456231297,-12.147649148269867,10.992229780392826,0.445953369141625,nan,nan,0.052271872257861125,V16.3,0.0234375,19.77483718397162,LJ021-0038,,1354.2949877513838,256
0.715265186916474,21.297953447377754,4.912426303854875,silence_009,silence,20.732428689374803,13,8.647967023214227,7.3723356009070296,0.11459926515817642,0.20177742991938086,384,19.150607583391174,-56.89069226041889,10.519532622746834,0.445953369141625,23.847857154781504,18.393115656912443,0.05156742248621892,V16.3,0.050049212598425194,19.813039506082117,LJ021-0038,,1354.3489377300593,256
nan,nan,nan,full_010,full,20.732428689374803,13,9.964544850912405,5.305759637188209,0.012932241894304752,0.0,384,23.316331488553644,-3.170494743777914,15.163504288216993,0.775482177735375,nan,nan,0.07782414443690353,V16.3,0.019283369803063458,23.993845714046916,LJ012-0227,,700.8807950588053,256
0.29704936145029825,24.04548428679223,1.143219954648526,silence_010,silence,20.732428689374803,13,10.381023746051,5.758548752834467,0.012977328151464462,0.4477601369039844,384,18.25504842126467,-57.37844093464005,0.8696877521682576,0.775482177735375,25.55195274769572,25.652030499732476,0.07470189806857842,V16.3,0.09571887600806452,23.90607364321758,LJ012-0227,,701.4624175960478,256
nan,nan,nan,full_011,full,20.732428689374803,13,6.802633865263382,2.4380952380952383,0.20856784284114838,0.0,384,18.559531782132773,0.9734975747687136,6.3876902922874175,0.36358642578225,nan,nan,0.05344788988748112,V16.3,0.01834077380952381,16.748753134789016,LJ014-0053,,2221.3498751376474,256
0.06883292065995031,25.808468678259256,1.647528344671202,silence_011,silence,20.732428689374803,13,7.1961686843283275,2.728344671201814,0.20857004821300507,0.28754785438221564,384,13.134687084571635,-56.971832851936256,2.4340036605266007,0.36358642578225,16.489365942404177,23.814885914281486,0.050525000416800275,V16.3,0.121875,16.674972299292826,LJ014-0053,,2221.2887464370156,256
nan,nan,nan,full_012,full,20.732428689374803,13,10.418150169248113,8.463673469387755,0.12533925473690033,0.0,384,20.41535955135156,-5.180940430094825,8.600369722425297,0.616668701172875,nan,nan,0.059191765442459764,V16.3,0.020817258230452676,20.69030918408105,LJ008-0121,,1622.3360835868643,256
0.07259186278161534,26.651154647596957,3.449750566893424,silence_012,silence,20.732428689374803,13,10.595281603547308,8.753922902494331,0.1253402680158615,0.28341615105695983,384,18.860834310062636,-56.88359962673096,7.599680879486808,0.616668701172875,17.318429411432,20.62097466078886,0.05820220020917788,V16.3,0.05263076094164456,20.66743269757156,LJ008-0121,,1622.3518562135378,256
nan,nan,nan,full_013,full,20.732428689374803,13,10.692553384893811,6.629297052154195,0.17566703259944916,0.0,384,21.130697672163475,0.2181564409863111,10.818966582109333,0.712921142579125,nan,nan,0.0666745460046644,V16.3,0.012443903239929947,18.692291949130087,LJ003-0260,,1628.8122991272826,256
0.012511305007086474,26.877315210710634,3.5852154195011336,silence_013,silence,20.732428689374803,13,10.933282888396445,6.931156462585034,0.1756671667098999,0.3050266772285032,384,18.581267576385816,-56.888829480492255,7.510978247333323,0.712921142579125,16.156208662069396,16.926944897057407,0.06520650291824233,V16.3,0.05587180695142378,18.657131980423802,LJ003-0260,,1628.8125451631602,256
nan,nan,nan,full_014,full,20.732428689374803,13,8.509183800323507,6.815056689342404,0.17008841037750244,0.0,384,20.656978843529295,-0.10563625444689059,10.121959479546929,0.5941162109385,nan,nan,0.06982058736437251,V16.3,0.016756281942078365,19.556919742343403,LJ032-0003,,1744.513683533527,256
0.018882722639672864,21.19377437218416,5.0679818594104304,silence_014,silence,20.732428689374803,13,8.674287026380908,7.082086167800454,0.17008839547634125,0.2711213577804705,384,18.592068616756432,-56.89363207864403,6.971390644834662,0.5941162109385,25.372146170493004,19.052552473650454,0.06849164768504361,V16.3,0.05434170081967213,19.545933652554545,LJ032-0003,,1744.513564027699,256
nan,nan,nan,full_015,full,20.732428689374803,13,7.232463941218179,5.932698412698413,0.043041739612817764,0.0,384,20.755667260598937,-0.9528367362157801,7.125312936640461,0.457244873047875,nan,nan,0.06322117562657738,V16.3,0.02025746086105675,22.02535217398527,LJ040-0156,,876.5955327296715,256
0.6596556404998729,22.675110835311493,1.6491156462585035,silence_015,silence,20.732428689374803,13,7.4279709708375385,6.257777777777778,0.04304172098636627,0.3206945549687946,384,17.385415306790915,-56.89149027800389,3.2552910089922817,0.457244873047875,26.681181346118812,27.744862490413258,0.061557170166066294,V16.3,0.07062413033395176,22.059797086749565,LJ040-0156,,876.5954658991809,256
nan,nan,nan,full_016,full,20.732428689374803,13,9.06117913264264,5.990748299319728,0.10596775263547897,0.0,384,22.454730192657628,-2.469831693526485,11.280994238760274,0.6495361328135,nan,nan,0.07168340050408047,V16.3,0.02115128391472868,21.47245664766215,LJ037-0185,,1125.8906047452472,256
0.07722201745160712,26.32474414485482,3.7737414965986393,silence_016,silence,20.732428689374803,13,9.226495363478724,6.211337868480726,0.10596764832735062,0.22240484132255495,384,20.893132999112463,-56.81939635028073,8.013116587983088,0.6495361328135,20.772219063566673,22.948952280356266,0.07039900928963072,V16.3,0.05615508177570094,21.454515908569082,LJ037-0185,,1125.890667044194,256
nan,nan,nan,full_017,full,20.732428689374803,13,9.77572832658511,6.431927437641724,0.18107512593269348,0.0,384,19.186818073215914,-2.1132296837363205,7.481049114806297,0.631011962891625,nan,nan,0.06454884401460002,V16.3,0.02331763312274368,21.038693806261772,LJ028-0172,,1994.6354381438014,256
0.20946033973307573,18.603961013368377,1.5820408163265307,silence_017,silence,20.732428689374803,13,10.002492859068145,6.733786848072563,0.1810753047466278,0.29770861753748534,384,16.691977102045666,-57.018635374962294,4.979717503601916,0.631011962891625,20.260747943838883,19.20883825799634,0.06308546996957407,V16.3,0.06656115301724137,20.816358254830337,LJ028-0172,,1994.6344994592414,256
nan,nan,nan,full_018,full,20.732428689374803,13,7.648539886236872,6.025578231292517,0.12488379329442978,0.0,384,20.353599933437213,-1.1800436705290303,10.019203335505953,0.60443115234475,nan,nan,0.07902569135120052,V16.3,0.012192919075144509,20.27935592567729,LJ001-0130,,1462.4816881933607,256
0.2737012225197462,24.801984394438858,4.182358276643991,silence_018,silence,20.732428689374803,13,7.8950954458732605,6.42031746031746,0.12490814924240112,0.3880728733140657,384,16.69940972777037,-56.99580847446044,6.84773997766379,0.60443115234475,19.24493065888352,22.714295115651865,0.07655780179995024,V16.3,0.07200073462929475,20.253717908522802,LJ001-0130,,1462.6803414427097,256
nan,nan,nan,full_019,full,20.732428689374803,13,9.00305376463387,9.148662131519274,0.07475532591342926,0.0,384,19.835613817674826,1.2372019324025736,6.864505566665186,0.634979248047875,nan,nan,0.0705293186777603,V16.3,0.013676832170050762,21.100895308834886,LJ002-0185,,925.0102289837879,256
1.1249921072132363,21.855319104525556,2.872562358276644,silence_019,silence,20.732428689374803,13,9.116588909404383,9.380861678004536,0.07475577294826508,0.22915110085885837,384,18.85257425071092,-56.90050576465096,6.35692044927683,0.634979248047875,22.980243434495797,18.68965947158104,0.0696509686187269,V16.3,0.037805538366336634,21.188130756089755,LJ002-0185,,925.0264295659573,256
nan,nan,nan,full_020,full,20.732428689374803,13,8.292051552449658,9.531791383219955,0.19790726900100708,0.0,384,18.606873567763678,-5.4967146910986955,3.7686034192254025,0.463867187501,nan,nan,0.05594118470665697,V16.3,0.031378463763702805,19.745565905621298,LJ019-0167,,1865.639486910456,256
0.9933119474391967,16.978839344647504,7.0968253968253965,silence_020,silence,20.732428689374803,13,8.466955900855973,9.93814058956916,0.19791066646575928,0.40302371774667967,384,16.312014869131836,-58.5482434717029,0.18405965839931127,0.463867187501,26.078571637857287,21.697472082680214,0.05478559153067492,V16.3,0.07070038697429906,19.850047444614486,LJ019-0167,,1865.7004147861765,256
nan,nan,nan,full_021,full,20.732428689374803,13,9.600494128488585,6.617687074829932,0.05413532629609108,0.0,384,20.674006484005048,0.12260613945806452,9.177273862616515,0.66046142578225,nan,nan,0.068794524212331,V16.3,0.021011513157894738,22.580596712336597,LJ003-0346,,886.6336467778657,256
0.360939548001361,26.02926553768524,1.9920181405895692,silence_021,silence,20.732428689374803,13,9.899026451818502,7.035646258503402,0.05413780361413956,0.41895694757637314,384,16.591121700538622,-57.70706788324497,1.9219845489197254,0.66046142578225,19.991790950787703,26.08672539331048,0.06671983643917032,V16.3,0.07929171823432343,22.53943785613407,LJ003-0346,,886.6722891659641,256
nan,nan,nan,full_022,full,20.732428689374803,13,11.809384138345939,8.103764172335602,0.2098120003938675,0.0,384,22.18029225974051,-14.813897746270353,10.749165426876722,0.911621093751,nan,nan,0.07719463462782024,V16.3,0.02312410458452722,21.335888913872694,LJ017-0206,,2111.1523001760397,256
0.08400942197312095,28.72130179505751,2.8968253968253967,silence_022,silence,20.732428689374803,13,11.935600793559326,8.277913832199546,0.20982146263122559,0.16993020188706973,384,21.253925526123297,-58.785852039884944,10.426820064887096,0.911621093751,24.45123760260147,23.123724038142708,0.07637831639199864,V16.3,0.04324268057503506,21.238362238982802,LJ017-0206,,2111.2844729027643,256
nan,nan,nan,full_023,full,20.732428689374803,13,8.820377429034073,9.996190476190476,0.14380612969398499,0.0,384,17.75533407294094,-13.021628898608103,6.536223173882575,0.415863037110375,nan,nan,0.04714798663066917,V16.3,0.040391804587688734,19.174873915383287,LJ005-0127,,1407.8141021713361,256
0.5218658582622375,17.11345953219678,3.317233560090703,silence_023,silence,20.732428689374803,13,9.007903602528689,10.425759637188209,0.14381368458271027,0.422972790828541,384,15.607268041717777,-56.980841578427786,1.0214002191343994,0.415863037110375,20.42618328637903,23.706827459013304,0.04616646174861668,V16.3,0.07945608296213809,19.103607184188604,LJ005-0127,,1407.8959699810837,256
0.39677496333444773,17.17728124864173,6.13718820861678,concat_000,concat,20.732428689374803,13,9.265088219907849,13.25859410430839,0.11377440392971039,0.05327369630342452,384,19.71611517920162,-4.963402456385372,3.1830275863975808,0.657562255860375,20.586250553732214,16.28118928354313,0.07097204476026565,V16.3,0.028496470008756568,21.017090552958045,LJ018-0351,LJ039-0187,1468.5758481461855,256
1.129951822555379,18.74517808458334,8.668163265306122,concat_001,concat,20.732428689374803,13,10.421440518160571,16.439727891156462,0.15673620998859406,0.08617225919788099,384,20.493910858943238,-0.35518260815826347,8.61068487491868,0.694427490235375,20.144987109423944,19.763848054228554,0.06663450115315948,V16.3,0.019470559675141243,20.773721213654714,LJ043-0063,LJ014-0257,1584.4267098071982,256
0.7089418107238294,25.027931038889548,6.276507936507937,concat_002,concat,20.732428689374803,13,10.398926180613708,9.752380952380953,0.08718112111091614,0.07875715403685278,384,21.309470416454893,-4.244636956602529,11.131418884286948,0.7161865234385,25.744551157502144,21.58445004576638,0.06887119987093072,V16.3,0.01806175595238095,21.971571418395897,LJ006-0020,LJ040-0153,1199.6533167553316,256
1.1785600989282976,0.41416403954532915,8.70299319727891,concat_003,concat,20.732428689374803,13,9.013012379163545,16.288798185941044,0.17319758236408234,0.2268535132130013,384,19.449001944249055,-56.883854110331214,7.3924591958182395,0.614746093751,16.43928255831454,20.055157127864568,0.06820650720098519,V16.3,0.02727136047754811,19.5177319887564,LJ044-0116,LJ006-0235,1661.3628780222225,256
0.053027204374524996,25.368301331627876,7.9019047619047615,concat_004,concat,20.732428689374803,13,7.5867673299207805,13.10766439909297,0.12221310287714005,0.23251063804318328,384,20.205934186018922,-56.872120735783156,8.543316244575625,0.45611572265725,23.1994178866194,18.533385253115323,0.060119903881964164,V16.3,0.03599701062887511,21.02919616552741,LJ040-0195,LJ047-0049,1436.7141144858376,256
0.029219340694415365,27.888290222803356,7.55360544217687,concat_005,concat,20.732428689374803,13,7.804710557194393,14.988480725623583,0.06057146564126015,0.1326863719002646,384,20.332870516427715,-9.165782768757367,4.938131633623442,0.476531982422875,19.164252759018222,23.467972170305337,0.06105697052093782,V16.3,0.036660050348567,21.487715644551102,LJ019-0222,LJ036-0124,1008.2903987503242,256
0.050357653354568294,20.264829145127035,2.3407256235827663,concat_006,concat,20.732428689374803,13,7.94776537325976,11.366167800453514,0.12499118596315384,0.2373361222431034,384,19.672817763589357,-56.89599783820479,4.8184777774457075,0.531707763672875,19.220365276973176,18.0968105362922,0.06690028438104839,V16.3,0.03780164708886619,21.604730647956227,LJ047-0092,LJ047-0202,1476.380521511094,256
0.08252455909850744,25.796822516261866,7.623265306122449,concat_007,concat,20.732428689374803,13,10.981287403581856,12.34140589569161,0.07279394567012787,0.15541955105716226,384,19.920592120457446,-56.90005871074063,3.142301962243054,0.801666259766625,19.82703695391025,26.579153577307594,0.07300293948177311,V16.3,0.03780206373471308,21.468231456371658,LJ047-0163,LJ001-0063,1082.4650070639314,256
0.09594592983879689,13.65176024799184,8.041224489795919,concat_008,concat,20.732428689374803,13,9.835027761217278,14.756281179138321,0.07169388234615326,0.2212681122765197,384,19.079252075802096,-56.93419538986867,3.1526646320870397,0.620513916016625,16.251755448223925,25.412930854632577,0.06309223838225232,V16.3,0.03690806943351692,20.370073568872847,LJ038-0180,LJ003-0083,1027.2139458368845,256
0.42962282693731113,10.272344118320294,8.819092970521542,concat_009,concat,20.732428689374803,13,8.500638229694058,15.603809523809524,0.17063008248806,0.18567296657438942,384,18.517288389965373,-56.89549683671581,8.313238651303381,0.622528076172875,22.69969134650825,17.076744813558825,0.07323309842663182,V16.3,0.03266834077380952,19.309117960678147,LJ005-0033,LJ042-0181,1818.1782162244465,256
0.2246135329795532,23.997808438654253,6.148798185941043,concat_010,concat,20.732428689374803,13,8.151837197219258,14.907210884353741,0.09206975251436234,0.1274280849521926,384,20.90487638753624,-15.811683196538311,9.599014006930979,0.5096435546885,19.092859123163517,20.346515069342217,0.06251885830769496,V16.3,0.03836278232087227,21.59219500601353,LJ042-0174,LJ021-0069,1222.9046530555443,256
0.04359788966742732,27.81625808887359,3.7803628117913832,concat_011,concat,20.732428689374803,13,8.263641342847583,6.675736961451247,0.03179757669568062,0.20360743212272697,384,19.998731246124994,-56.880432765540576,8.182658353982523,0.574462890626,27.11042885721183,25.285270956458316,0.06951691957383294,V16.3,0.04345108695652174,22.22765058224661,LJ024-0021,LJ010-0118,809.1233312963909,256
