run,epoch,sample,seconds,full_snr,lsd,band_lo,band_hi,band_snr,mag_ratio_db,mag_l1_db,phase_mae_deg,phase_coherence,complex_corr
V16.1,1,0,2.972154195011338,11.967739049579755,11.870142781632335,0,250,10.686211797907001,3.008320404357106,7.370180031468468,1.3871764476584543,0.9976187356100038,0.9599108324953993
V16.1,1,0,2.972154195011338,11.967739049579755,11.870142781632335,250,500,26.817146293376833,0.3489364131960888,1.6919293343982527,1.671264327005994,0.9998023012310865,0.9995453234241096
V16.1,1,0,2.972154195011338,11.967739049579755,11.870142781632335,500,1000,22.29576686203999,1.7416002169479945,3.3077263310529545,1.562116950562469,0.9987248446560729,0.9972444041583215
V16.1,1,0,2.972154195011338,11.967739049579755,11.870142781632335,1000,1500,14.937270203958644,3.045141564616869,6.231496105258254,2.0662270746845692,0.9944817858878233,0.9870905462735182
V16.1,1,0,2.972154195011338,11.967739049579755,11.870142781632335,1500,2500,-0.9269100158236472,2.648129408617475,11.360930354838182,75.46477060040299,0.19265737856755655,0.07663200881882427
V16.1,1,0,2.972154195011338,11.967739049579755,11.870142781632335,2500,3500,-0.9474713553443116,0.5944734161504525,10.367081299015426,93.38689550467907,0.06238531752286146,0.02806470559612229
V16.1,1,0,2.972154195011338,11.967739049579755,11.870142781632335,3500,5000,-0.3685252742182313,0.7550907542099577,8.418418286739447,65.7390861820756,0.32528662869901365,0.21159191523559273
V16.1,1,0,2.972154195011338,11.967739049579755,11.870142781632335,5000,7000,-1.1072402338782403,1.5978732251953325,9.27110418823529,80.46621992072505,0.1282412119942474,0.08649808561497373
V16.1,1,0,2.972154195011338,11.967739049579755,11.870142781632335,7000,9000,-0.5748909644953641,0.28816393695743353,7.7536073972602955,45.65961094522405,0.539086193739325,0.45899688780379994
V16.1,1,0,2.972154195011338,11.967739049579755,11.870142781632335,9000,11025,-3.8934884895721322,1.4237904659490868,9.594621153016666,93.51801202338265,0.04663459316025095,0.02609530242514125
V16.1,3,0,2.972154195011338,16.762131419069615,9.402212890928768,0,250,22.76498471701631,2.0940570085386736,5.083352931834955,0.9654718441565857,0.9996355566148117,0.9975098482106023
V16.1,3,0,2.972154195011338,16.762131419069615,9.402212890928768,250,500,23.09020789298289,-0.2517885266462792,1.2601666932818023,0.7125417836305424,0.999855541394834,0.9995537577935515
V16.1,3,0,2.972154195011338,16.762131419069615,9.402212890928768,500,1000,24.187676313477226,0.5014888317138961,2.1809954939175036,0.9666439804845861,0.9993694139638301,0.9987305510291385
V16.1,3,0,2.972154195011338,16.762131419069615,9.402212890928768,1000,1500,21.027828923347496,1.024687777849304,2.871395718452383,1.4528808309085002,0.9984117875783277,0.9960629868057029
V16.1,3,0,2.972154195011338,16.762131419069615,9.402212890928768,1500,2500,13.041811368585572,1.336181365393008,4.598825558978238,3.2162180080788563,0.9875604670874929,0.97501166034602
V16.1,3,0,2.972154195011338,16.762131419069615,9.402212890928768,2500,3500,4.0175345764010455,1.0072850052606082,5.793289446490804,17.942043933503026,0.8881266996866514,0.7877869070881384
V16.1,3,0,2.972154195011338,16.762131419069615,9.402212890928768,3500,5000,1.8406654112875875,-0.8472826007831117,6.571688209546969,31.37488125882977,0.7506000070220151,0.6117463241746182
V16.1,3,0,2.972154195011338,16.762131419069615,9.402212890928768,5000,7000,1.1235615919587678,-1.9092956590009484,8.167304123145527,40.967349958871296,0.6468865402426852,0.49324727543708263
V16.1,3,0,2.972154195011338,16.762131419069615,9.402212890928768,7000,9000,5.718721734709624,0.10860452762313103,5.435113618580383,12.096578844361627,0.9109237243533599,0.8629922237334559
V16.1,3,0,2.972154195011338,16.762131419069615,9.402212890928768,9000,11025,-1.4191872328945396,-0.8587336320977934,8.795265336206358,84.13314230376153,0.1001642684528716,0.06547401803554787
V16.1,5,0,2.972154195011338,18.025024795245645,8.883171830370028,0,250,21.507434955642168,2.471807572887984,5.087995219036876,0.5434483360242435,0.9995366994004267,0.9987699020567756
V16.1,5,0,2.972154195011338,18.025024795245645,8.883171830370028,250,500,25.609797984793765,0.9596492352236683,1.9678607075860728,0.6932059288915442,0.9997823864157269,0.9992446566144605
V16.1,5,0,2.972154195011338,18.025024795245645,8.883171830370028,500,1000,21.56550940993246,2.503933725824245,3.828360907646144,1.4739905316862068,0.9984918739587388,0.9968641833644153
V16.1,5,0,2.972154195011338,18.025024795245645,8.883171830370028,1000,1500,20.080782495305787,3.8491199051087444,5.0459697943970685,0.8799934806710868,0.9994806687463429,0.9988018119076739
V16.1,5,0,2.972154195011338,18.025024795245645,8.883171830370028,1500,2500,11.320928708560754,3.1721977603298477,4.749202212389994,3.545514158412498,0.9853722215354385,0.9715533550502997
V16.1,5,0,2.972154195011338,18.025024795245645,8.883171830370028,2500,3500,5.145933561085696,2.5137179625198223,5.13955169674848,12.426180349858452,0.9345048113707483,0.8408294095799431
V16.1,5,0,2.972154195011338,18.025024795245645,8.883171830370028,3500,5000,4.879310969215477,2.005171274009309,5.795778742078513,11.237719234390351,0.9269587665889458,0.8504886091245872
V16.1,5,0,2.972154195011338,18.025024795245645,8.883171830370028,5000,7000,5.78615416912549,0.0072805716123058575,6.243411913893368,12.98433983936164,0.9165456307096531,0.8764468500197979
V16.1,5,0,2.972154195011338,18.025024795245645,8.883171830370028,7000,9000,5.62705334271042,1.352039989972958,4.949832467508106,8.244040423336001,0.9523435249558037,0.9185414921831498
V16.1,5,0,2.972154195011338,18.025024795245645,8.883171830370028,9000,11025,-2.4653714955816888,-0.3618048808356569,8.900100909899795,92.10666891295745,0.030615579452049617,0.021105552177377137
V16.1,7,0,2.972154195011338,24.253176939847517,7.246670414670231,0,250,24.630916172480607,2.262093140146878,4.770232073372155,0.632237744186712,0.9997337816731663,0.9983158524714307
V16.1,7,0,2.972154195011338,24.253176939847517,7.246670414670231,250,500,33.805068256530454,0.42129099265830233,1.2006053900858036,0.4265267433888558,0.9999015242640585,0.9998091659742518
V16.1,7,0,2.972154195011338,24.253176939847517,7.246670414670231,500,1000,28.782409557457242,0.7018964773803406,1.9526293649961888,0.7240100405843216,0.9996823955374807,0.9993446068373154
V16.1,7,0,2.972154195011338,24.253176939847517,7.246670414670231,1000,1500,22.027209220098698,1.2933891563424984,2.805015709160764,1.4193091181915074,0.998510444395358,0.9968819197945666
V16.1,7,0,2.972154195011338,24.253176939847517,7.246670414670231,1500,2500,25.238784742788415,0.7450383870086789,2.329738309834671,1.2393677609437006,0.9993209659393807,0.9985723299841417
V16.1,7,0,2.972154195011338,24.253176939847517,7.246670414670231,2500,3500,14.643602966150556,0.700313654500572,2.36954776653109,3.4681718555937437,0.992420952556478,0.9827089346837294
V16.1,7,0,2.972154195011338,24.253176939847517,7.246670414670231,3500,5000,16.068954674674124,0.12361039235141773,2.043024601140551,3.3735730605622765,0.9941079805671909,0.9875759093680337
V16.1,7,0,2.972154195011338,24.253176939847517,7.246670414670231,5000,7000,14.545103004828434,-1.2192443089595715,5.9281598321768705,3.3922741070481597,0.9922032173630786,0.9823107445317326
V16.1,7,0,2.972154195011338,24.253176939847517,7.246670414670231,7000,9000,19.990639595591745,-0.08186013307159745,3.9550976883009805,1.9582203240358025,0.9975578076633896,0.9953069335511849
V16.1,7,0,2.972154195011338,24.253176939847517,7.246670414670231,9000,11025,-2.9180842877523827,-1.7790705544196794,7.925765075061395,82.49512144134044,0.13698869015038018,0.09576826439234504
V16.1,9,0,2.972154195011338,19.711062602646795,7.282218022439557,0,250,16.813920813419017,2.8678444648258203,5.3675926220265735,0.7218117205940623,0.9996748663995226,0.9930982832664855
V16.1,9,0,2.972154195011338,19.711062602646795,7.282218022439557,250,500,21.04631549829172,0.8354433229374396,1.175427832380875,0.31238551507111895,0.9999506466560076,0.9998080516436991
V16.1,9,0,2.972154195011338,19.711062602646795,7.282218022439557,500,1000,22.72645627387561,1.0219915514455713,1.8991510322794412,0.7024212457772718,0.99966277630603,0.999155707681923
V16.1,9,0,2.972154195011338,19.711062602646795,7.282218022439557,1000,1500,24.820311856272216,0.6696354618932199,2.1454334284925105,1.020424512977157,0.999271961542011,0.9983652923546593
V16.1,9,0,2.972154195011338,19.711062602646795,7.282218022439557,1500,2500,21.19468770964062,0.1699852590544124,2.221002371234017,1.072907224901869,0.9991422495137507,0.9981546865202754
V16.1,9,0,2.972154195011338,19.711062602646795,7.282218022439557,2500,3500,14.986508490560214,-0.12274431173667795,2.328725297307817,2.6331374791035667,0.9960817890223145,0.9898689197238605
V16.1,9,0,2.972154195011338,19.711062602646795,7.282218022439557,3500,5000,16.330413253363105,-0.9806434608156513,1.9985282019255548,1.915930241395021,0.9983880024232362,0.9964186594043786
V16.1,9,0,2.972154195011338,19.711062602646795,7.282218022439557,5000,7000,9.199184141257073,-3.0430681744862853,5.912879641761773,7.432241419436457,0.9740177534817497,0.947379939570063
V16.1,9,0,2.972154195011338,19.711062602646795,7.282218022439557,7000,9000,12.67841383391109,-1.404855506167591,3.3237269456967358,3.6554154967558774,0.9932413094965549,0.9849791233648525
V16.1,9,0,2.972154195011338,19.711062602646795,7.282218022439557,9000,11025,-0.2447424238697737,-3.5034100626291687,8.526783819703978,68.83033528770032,0.2832685231356903,0.20402195732168288
V16.1,11,0,2.972154195011338,25.932571377875547,6.333550238067371,0,250,20.397029690797037,2.150518801595623,4.888464936261812,0.3068112418293617,0.9994522928143825,0.9954313321135831
V16.1,11,0,2.972154195011338,25.932571377875547,6.333550238067371,250,500,35.038060831035395,0.4972599674277539,1.2366562434100408,0.25700080099728856,0.9999487689973376,0.9998813161960252
V16.1,11,0,2.972154195011338,25.932571377875547,6.333550238067371,500,1000,29.063695059003678,0.968070109338828,2.161596531297736,0.45055611410317414,0.999809184718073,0.9995570850804267
V16.1,11,0,2.972154195011338,25.932571377875547,6.333550238067371,1000,1500,24.200673548763234,1.7608548382064166,3.1319128127129066,0.627616663200052,0.9994467964264665,0.9988461555165454
V16.1,11,0,2.972154195011338,25.932571377875547,6.333550238067371,1500,2500,19.657600829957474,1.142273029093126,2.4724794007638096,1.1538763826639444,0.9974878302775653,0.9949748779571514
V16.1,11,0,2.972154195011338,25.932571377875547,6.333550238067371,2500,3500,22.638014066939085,0.3250961988991765,1.6312330204479022,1.4824231756201764,0.9987028256275715,0.9974187757174436
V16.1,11,0,2.972154195011338,25.932571377875547,6.333550238067371,3500,5000,21.412485769246086,-0.3681228422117952,1.2999627585539322,1.1855847759506934,0.9993272411209883,0.9982502261001576
V16.1,11,0,2.972154195011338,25.932571377875547,6.333550238067371,5000,7000,13.892007513359196,-1.3487313228342985,3.827748217138129,3.193650751645183,0.9932109941376974,0.985680814725565
V16.1,11,0,2.972154195011338,25.932571377875547,6.333550238067371,7000,9000,15.568125362176088,-0.42996268629843537,2.305718199237404,2.7017933910991387,0.9927373818271604,0.9889944048570597
V16.1,11,0,2.972154195011338,25.932571377875547,6.333550238067371,9000,11025,0.6560776669753889,-2.8191838922015213,8.052751239801765,44.19269143974426,0.5863606092383263,0.4723451203742688
V16.1,13,0,2.972154195011338,23.210811117711707,6.084217692354696,0,250,20.887554089777236,2.160357042675285,4.558413966142009,0.4116085918556336,0.9998623803370409,0.9988409752768006
V16.1,13,0,2.972154195011338,23.210811117711707,6.084217692354696,250,500,27.70940340261933,0.6071270535891308,1.5722720287972827,0.34451157574594493,0.9999057416263932,0.9992177363776588
V16.1,13,0,2.972154195011338,23.210811117711707,6.084217692354696,500,1000,22.972806669250033,0.9605523261482595,2.640810609047252,0.9429354147122443,0.9992655380065936,0.9980964906067876
V16.1,13,0,2.972154195011338,23.210811117711707,6.084217692354696,1000,1500,22.047660361960478,0.85850570647681,3.0321113341175194,0.56126891843192,0.9998094270185404,0.9994648021992463
V16.1,13,0,2.972154195011338,23.210811117711707,6.084217692354696,1500,2500,19.336533845265087,0.4692002721341918,2.558079530582979,1.1149876975987734,0.9979704893275066,0.9953359216574703
V16.1,13,0,2.972154195011338,23.210811117711707,6.084217692354696,2500,3500,20.409338345932994,0.1070799829812045,1.7599606634833957,1.0840967092148694,0.9992591753415893,0.9981866739336233
V16.1,13,0,2.972154195011338,23.210811117711707,6.084217692354696,3500,5000,20.470062162899918,-0.3336305371818711,1.3898391069750715,1.1138101726140637,0.9994812454286098,0.9984764828068213
V16.1,13,0,2.972154195011338,23.210811117711707,6.084217692354696,5000,7000,16.579792683817118,-0.9804522010939063,3.4336641925261104,2.3396440481366882,0.9959296245830853,0.9897195758849648
V16.1,13,0,2.972154195011338,23.210811117711707,6.084217692354696,7000,9000,18.108157897751063,-0.7585452385895338,2.2106291374224982,2.2466791952994756,0.9965813531999227,0.9928904646525422
V16.1,13,0,2.972154195011338,23.210811117711707,6.084217692354696,9000,11025,0.6056838645719094,-1.2443462853555245,7.446592012546052,40.90164755152526,0.6056829811555983,0.5065447059841839
V16.2,1,0,2.972154195011338,8.086147746071887,12.114492140808665,0,250,9.62626046085169,4.980181524527878,8.492524559109995,1.797074859991847,0.9970891263846295,0.946608151548845
V16.2,1,0,2.972154195011338,8.086147746071887,12.114492140808665,250,500,21.636020025968108,1.867535396472177,3.013757359915354,1.2619048661856311,0.9988497960347246,0.9973868590173344
V16.2,1,0,2.972154195011338,8.086147746071887,12.114492140808665,500,1000,17.18163155091823,2.9102369236024463,4.4355955873169,1.9985918199878234,0.9977636917412205,0.9933218055555846
V16.2,1,0,2.972154195011338,8.086147746071887,12.114492140808665,1000,1500,3.591033473679012,2.77545149172801,8.153940791231092,17.106299093763106,0.9082215080767189,0.7739631322919877
V16.2,1,0,2.972154195011338,8.086147746071887,12.114492140808665,1500,2500,0.6676414764620446,-1.366969733619103,10.161204626859517,51.24563507325845,0.5166890170087914,0.39074022243487927
V16.2,1,0,2.972154195011338,8.086147746071887,12.114492140808665,2500,3500,-0.5638134772007659,-0.6458861981350069,9.122048818501858,83.95616487013048,0.09853840138457223,0.06779866036070115
V16.2,1,0,2.972154195011338,8.086147746071887,12.114492140808665,3500,5000,-0.9622260221126945,-0.2665701213214656,8.135565342600716,83.91659252237996,0.09333162205286719,0.0568709680340776
V16.2,1,0,2.972154195011338,8.086147746071887,12.114492140808665,5000,7000,-0.6394624488993127,-0.14344841987116064,9.618224285140698,77.9731735267569,0.16989564266200136,0.1103493556920331
V16.2,1,0,2.972154195011338,8.086147746071887,12.114492140808665,7000,9000,-1.0965443509971537,1.9076822817792622,8.850473322727858,72.1987570814381,0.3892586814042593,0.302431708991468
V16.2,1,0,2.972154195011338,8.086147746071887,12.114492140808665,9000,11025,-5.031596076291364,3.8630135362376365,10.08818320454103,90.57152536866548,0.17507819159732646,0.12413218129023704
V16.2,3,0,2.972154195011338,14.566751332924746,10.660488487261532,0,250,24.261028593412593,2.1536910991472253,5.526133221771774,0.8518707943111916,0.9996590574455602,0.998541589416162
V16.2,3,0,2.972154195011338,14.566751332924746,10.660488487261532,250,500,23.600737832325464,0.33014581647570934,2.0860131848144015,0.9740329321310659,0.999765004399535,0.9993394955171112
V16.2,3,0,2.972154195011338,14.566751332924746,10.660488487261532,500,1000,20.925120025901812,2.569183925782867,3.985776261044156,1.4428059995223919,0.9985966449070705,0.9961951020047897
V16.2,3,0,2.972154195011338,14.566751332924746,10.660488487261532,1000,1500,15.184282071849298,3.929301265524381,5.773379045948809,2.6675136068993277,0.9952039432882235,0.9883731017812235
V16.2,3,0,2.972154195011338,14.566751332924746,10.660488487261532,1500,2500,3.5135655565433477,3.3683892175689834,8.134539395762685,17.188324086567185,0.8761603744162901,0.7481924938209431
V16.2,3,0,2.972154195011338,14.566751332924746,10.660488487261532,2500,3500,-0.8357123074282125,1.6732913427083933,9.290227246515517,80.10949535162057,0.14072900942579344,0.07901348907011779
V16.2,3,0,2.972154195011338,14.566751332924746,10.660488487261532,3500,5000,-0.816463486452436,0.49973048964984756,7.656052277258055,76.45445110636732,0.18327050986645851,0.12141356876088781
V16.2,3,0,2.972154195011338,14.566751332924746,10.660488487261532,5000,7000,-0.7566543502170785,-0.9249882598645963,8.58198491243586,76.69686154031669,0.15781418392418192,0.1171581785747548
V16.2,3,0,2.972154195011338,14.566751332924746,10.660488487261532,7000,9000,3.243533642322727,0.19430073094360067,7.690945120517509,22.09237492757653,0.8190098983637957,0.74525067752198
V16.2,3,0,2.972154195011338,14.566751332924746,10.660488487261532,9000,11025,-1.8926571726874128,0.6871320875016272,8.849637816685531,93.22546156917542,0.04870691558350962,0.03176898442202233
V16.2,5,0,2.972154195011338,14.062235546183143,9.059842313279912,0,250,21.139639390802166,1.216453761461686,4.8948657225968555,2.2135030155153763,0.9992423829584031,0.998419768912032
V16.2,5,0,2.972154195011338,14.062235546183143,9.059842313279912,250,500,20.084691667952605,-0.3597338854857936,1.976541443488732,0.7626531820127951,0.9997143178863838,0.9993409374608416
V16.2,5,0,2.972154195011338,14.062235546183143,9.059842313279912,500,1000,19.839476986410997,0.13229347365193525,2.6968026203024573,1.2552541258063012,0.9993314966620143,0.9983930377370503
V16.2,5,0,2.972154195011338,14.062235546183143,9.059842313279912,1000,1500,16.921808992991053,0.6912599539202209,3.6656671191194268,3.091134579988765,0.995247097004904,0.9916144499094591
V16.2,5,0,2.972154195011338,14.062235546183143,9.059842313279912,1500,2500,15.680681607727259,0.2798500015893382,3.493254370816376,2.5314019709606126,0.9960547310731569,0.9902630447885843
V16.2,5,0,2.972154195011338,14.062235546183143,9.059842313279912,2500,3500,7.9754055998294024,-0.03753488211533148,4.641476267141036,9.246056607178291,0.9607774550313958,0.916996369813259
V16.2,5,0,2.972154195011338,14.062235546183143,9.059842313279912,3500,5000,0.24945415762078788,-0.35070472014983095,6.421910497013163,50.270914358733656,0.5321480445986536,0.4435842021426056
V16.2,5,0,2.972154195011338,14.062235546183143,9.059842313279912,5000,7000,1.078219641322545,-0.15286591665151963,7.960374851343928,39.01219386374484,0.6040761738879067,0.5368062726362951
V16.2,5,0,2.972154195011338,14.062235546183143,9.059842313279912,7000,9000,11.084579659938969,-0.016598546734938723,6.9735887649452994,4.669825253279251,0.9715361313310865,0.9608894126240476
V16.2,5,0,2.972154195011338,14.062235546183143,9.059842313279912,9000,11025,-2.380339259014447,-0.5202320747348393,8.345456528519307,88.86847685822183,0.12187391921505157,0.08895988022276925
V16.2,7,0,2.972154195011338,17.232581101666778,8.57753308630535,0,250,17.345679128302688,2.455052934219105,5.047575813118509,0.6462427840764091,0.9995336784169847,0.9988358697634385
V16.2,7,0,2.972154195011338,17.232581101666778,8.57753308630535,250,500,19.92849367044481,1.569861662502111,2.435116421767456,0.6529340377249585,0.999696594357877,0.9991696328658868
V16.2,7,0,2.972154195011338,17.232581101666778,8.57753308630535,500,1000,21.40487273630422,1.6854030579119603,3.2779771708399084,1.2934897698722407,0.9990976561920915,0.9972608574580857
V16.2,7,0,2.972154195011338,17.232581101666778,8.57753308630535,1000,1500,21.960334032735606,1.8639414716982718,4.121568630054301,1.078944724252434,0.9993562484759191,0.998415913414459
V16.2,7,0,2.972154195011338,17.232581101666778,8.57753308630535,1500,2500,16.423208058465537,1.7512334346259602,3.6807907016669983,2.7530051060566345,0.9952323791029299,0.9887714140543798
V16.2,7,0,2.972154195011338,17.232581101666778,8.57753308630535,2500,3500,11.017925469673411,1.6630310516971545,3.9298727997694067,5.364035373902274,0.9816674282130207,0.964596028053651
V16.2,7,0,2.972154195011338,17.232581101666778,8.57753308630535,3500,5000,3.9771944761857903,1.5743938042054535,5.335195273663644,16.941476712749314,0.876533497271379,0.8028646832748546
V16.2,7,0,2.972154195011338,17.232581101666778,8.57753308630535,5000,7000,7.336356366219667,-1.4695690886331234,7.116806466365874,10.064456998680564,0.950633726588222,0.911777350044839
V16.2,7,0,2.972154195011338,17.232581101666778,8.57753308630535,7000,9000,4.700188067485895,-1.7218711719202695,6.63233359978598,14.398006590412484,0.8873577795361358,0.8352219364898172
V16.2,7,0,2.972154195011338,17.232581101666778,8.57753308630535,9000,11025,-1.7779260725113297,-0.74607398480208,8.00842790773083,85.62163100486049,0.06746357458151866,0.04947624851478882
V16.2,9,0,2.972154195011338,21.525181143467123,7.652647793884247,0,250,22.46927651082897,2.52250839274137,5.3139430734857305,0.7540681646240872,0.9992791155164252,0.9971992967454693
V16.2,9,0,2.972154195011338,21.525181143467123,7.652647793884247,250,500,31.77545493820343,0.12617871097131853,1.151222962672713,0.4418705735043176,0.9998762792635276,0.9997489173032762
V16.2,9,0,2.972154195011338,21.525181143467123,7.652647793884247,500,1000,22.47457166686367,0.5078815062402604,2.108530610555025,1.1698666663862696,0.9985178769175411,0.9972418559469182
V16.2,9,0,2.972154195011338,21.525181143467123,7.652647793884247,1000,1500,24.435578090282707,0.502237470203373,2.0380528966225784,1.6100325238527062,0.9990490304737557,0.9982063924499112
V16.2,9,0,2.972154195011338,21.525181143467123,7.652647793884247,1500,2500,23.11042954455626,0.4191094257925544,2.0897258713164426,1.7084757423742132,0.9987621248417244,0.9976277185110446
V16.2,9,0,2.972154195011338,21.525181143467123,7.652647793884247,2500,3500,14.437261265258691,0.3127446381626114,1.9077288814467586,3.6922392756574114,0.9902346516650097,0.9818926653669194
V16.2,9,0,2.972154195011338,21.525181143467123,7.652647793884247,3500,5000,9.040884600826253,-0.17921439301496336,3.1447589306236847,8.153691628275123,0.9611122814840231,0.9367376206782273
V16.2,9,0,2.972154195011338,21.525181143467123,7.652647793884247,5000,7000,2.6965135050707083,-0.5830898060958265,6.879766910167887,28.444917935117264,0.7879087091216828,0.6983137909441424
V16.2,9,0,2.972154195011338,21.525181143467123,7.652647793884247,7000,9000,-1.4215368307103005,-0.312291438811839,6.551599845696822,75.17809692623378,0.19238338922578835,0.15152045556169708
V16.2,9,0,2.972154195011338,21.525181143467123,7.652647793884247,9000,11025,-1.826998043922696,-1.2418967558616798,7.239126243855987,94.56134580273307,0.07196747220970623,0.056009080708430574
V16.2,11,0,2.972154195011338,21.461496647807472,7.487018492186837,0,250,20.8830814363857,2.7789202256142023,5.696942622987483,0.9622461145484491,0.9992211825441019,0.9962394532608434
V16.2,11,0,2.972154195011338,21.461496647807472,7.487018492186837,250,500,27.010751485677396,0.9798701338085394,2.04684486536124,0.6955205072157816,0.9997550894168387,0.9994329279229008
V16.2,11,0,2.972154195011338,21.461496647807472,7.487018492186837,500,1000,22.703801327509655,1.6500466297413565,3.209984609598459,1.0700225016330396,0.9990750952712202,0.9979452461960452
V16.2,11,0,2.972154195011338,21.461496647807472,7.487018492186837,1000,1500,21.96861509187108,1.896828648861313,3.6236437119110945,1.251903213711695,0.9986893218929612,0.9969250553107172
V16.2,11,0,2.972154195011338,21.461496647807472,7.487018492186837,1500,2500,15.579550540610608,1.0692934445719877,3.172398487522015,2.276160790764023,0.9928964322252398,0.9862340839778629
V16.2,11,0,2.972154195011338,21.461496647807472,7.487018492186837,2500,3500,11.547385212268843,0.2607436228046307,2.5679801270886773,4.287086855687477,0.9801617595315689,0.9644070170356568
V16.2,11,0,2.972154195011338,21.461496647807472,7.487018492186837,3500,5000,14.003332820462774,-0.14891049300752776,2.643649148442035,4.099868097838222,0.9907348753905021,0.9811507540343498
V16.2,11,0,2.972154195011338,21.461496647807472,7.487018492186837,5000,7000,8.479031738592505,-0.9866703049364376,6.384136842419676,8.986957990822651,0.9581691699283227,0.9274416926030481
V16.2,11,0,2.972154195011338,21.461496647807472,7.487018492186837,7000,9000,6.279256992968152,-0.9853837296610546,5.950854579784674,11.556630634262563,0.9142984982664266,0.88041997369026
V16.2,11,0,2.972154195011338,21.461496647807472,7.487018492186837,9000,11025,-0.8960274529948798,-0.8209384454582436,7.01513896083241,67.02984359805068,0.30764754369032143,0.24918522744416047
V16.2,13,0,2.972154195011338,22.001818793577876,7.157121896638234,0,250,20.74799953915509,3.3188980687537195,5.783934742735985,1.1093682575014874,0.9990579297532397,0.9957837338120661
V16.2,13,0,2.972154195011338,22.001818793577876,7.157121896638234,250,500,31.727274513549514,0.2723618932909829,1.47847806631715,0.4436713005190292,0.9998608880260723,0.9996905583719744
V16.2,13,0,2.972154195011338,22.001818793577876,7.157121896638234,500,1000,27.52025470198909,0.3103880233595117,2.122546034672803,0.8685151691374633,0.9995900643394011,0.9991426589490017
V16.2,13,0,2.972154195011338,22.001818793577876,7.157121896638234,1000,1500,25.99406720057367,0.6492129726794,2.5663686710440237,1.3182795145058899,0.9993114592067865,0.9987452861506256
V16.2,13,0,2.972154195011338,22.001818793577876,7.157121896638234,1500,2500,24.152001193978055,0.08038130300236236,1.9156448560535098,1.1573571462171943,0.9991049413604322,0.9981314965505492
V16.2,13,0,2.972154195011338,22.001818793577876,7.157121896638234,2500,3500,16.35976580935841,0.32147882924912075,1.70048227058084,2.684934351930543,0.9939655265102952,0.9889065797134334
V16.2,13,0,2.972154195011338,22.001818793577876,7.157121896638234,3500,5000,16.8139704774468,0.24448931505286955,1.7761736627446914,3.2175878308028114,0.9942913692825918,0.989570679022001
V16.2,13,0,2.972154195011338,22.001818793577876,7.157121896638234,5000,7000,12.085645551602546,-0.13865272835269868,6.242022027463973,4.33714882156662,0.9806545462134677,0.969255756103426
V16.2,13,0,2.972154195011338,22.001818793577876,7.157121896638234,7000,9000,11.355177942652318,-0.11996806454316342,6.248402761454575,3.7474967843879043,0.9720975999555878,0.9632850097246387
V16.2,13,0,2.972154195011338,22.001818793577876,7.157121896638234,9000,11025,1.1605814720875494,-0.39895081136316357,6.70128295807719,35.95906944499199,0.6611356795024219,0.5848707073033442
V16.2,15,0,2.972154195011338,22.151631951979432,7.381475297007866,0,250,26.526607375951492,1.5028989232266843,4.6825082359703645,0.8793566976177318,0.9996343672215524,0.9990805211038036
V16.2,15,0,2.972154195011338,22.151631951979432,7.381475297007866,250,500,28.16793610317462,0.3607168194906125,2.0605149766092614,0.9029266634033121,0.9997940716207692,0.9994756432243486
V16.2,15,0,2.972154195011338,22.151631951979432,7.381475297007866,500,1000,22.82317433036322,1.6662344552830817,3.403631399711838,1.3883199772742583,0.9988748565273733,0.9975796404896257
V16.2,15,0,2.972154195011338,22.151631951979432,7.381475297007866,1000,1500,14.741695201028623,3.3620902542783986,5.109439724734591,2.799404176346897,0.9952693534458457,0.9853725548569766
V16.2,15,0,2.972154195011338,22.151631951979432,7.381475297007866,1500,2500,14.973379046966574,1.7323387011217926,3.4613338902280315,2.2656205743657245,0.994565384768918,0.9878797160111886
V16.2,15,0,2.972154195011338,22.151631951979432,7.381475297007866,2500,3500,14.455334049381268,0.40562273847542557,2.5579377308903064,2.913340657161426,0.9922858088416654,0.9822528436819044
V16.2,15,0,2.972154195011338,22.151631951979432,7.381475297007866,3500,5000,13.094202625003856,-0.6436498850166456,2.33770047728157,3.227709051331799,0.9936609057889262,0.9840567307249166
V16.2,15,0,2.972154195011338,22.151631951979432,7.381475297007866,5000,7000,9.186367950631194,0.27282187512460937,5.766002265685039,6.864493525423917,0.9770166260824119,0.9535055856468254
V16.2,15,0,2.972154195011338,22.151631951979432,7.381475297007866,7000,9000,6.00644490026995,-1.5159785295497956,6.313061897112108,10.141742436059397,0.9333777054144934,0.8888565352250397
V16.2,15,0,2.972154195011338,22.151631951979432,7.381475297007866,9000,11025,-0.6693202599624561,-1.1481982981143792,6.934011910299121,57.351817606381246,0.4281220670931129,0.34461956854012804
V16.3,1,0,2.972154195011338,12.438808423114118,12.146024985651527,0,250,24.100682569569145,1.9707548930879117,6.31495045103775,0.8340906054480687,0.9993048072672126,0.998079549136198
V16.3,1,0,2.972154195011338,12.438808423114118,12.146024985651527,250,500,26.1909784988675,0.5997421488299002,2.0638993634097713,0.6250246666370816,0.9997302683889482,0.9991723202180341
V16.3,1,0,2.972154195011338,12.438808423114118,12.146024985651527,500,1000,19.37869368211644,2.9327148168788035,4.664301441803484,1.7143925365763186,0.997609655262655,0.9942887575223924
V16.3,1,0,2.972154195011338,12.438808423114118,12.146024985651527,1000,1500,2.7717255216002283,3.3869757414050383,8.68897907038874,21.011378920778398,0.8324914333173289,0.7006777717153165
V16.3,1,0,2.972154195011338,12.438808423114118,12.146024985651527,1500,2500,-0.8573242699465077,2.9175474441331506,11.197155624128431,89.42625717995817,0.055353497154645735,0.0219980532241725
V16.3,1,0,2.972154195011338,12.438808423114118,12.146024985651527,2500,3500,-0.628502565804993,1.008245616386991,10.492056236740686,87.43142614352224,0.0844842073488557,0.039284626118164585
V16.3,1,0,2.972154195011338,12.438808423114118,12.146024985651527,3500,5000,-0.7167897426855407,-0.8786772707785139,8.75533058690875,82.24753597454176,0.11194703475321986,0.06678806429038163
V16.3,1,0,2.972154195011338,12.438808423114118,12.146024985651527,5000,7000,-0.9857855088988601,1.000984045118463,9.604163939336553,86.8602976946366,0.1475192831264388,0.10120489409067869
V16.3,1,0,2.972154195011338,12.438808423114118,12.146024985651527,7000,9000,-1.7535930271300257,-0.1277935967738754,8.73154959940231,86.0257238153408,0.13080534198739294,0.10137443312591421
V16.3,1,0,2.972154195011338,12.438808423114118,12.146024985651527,9000,11025,-2.1865285785423634,1.0094521581740115,10.158744743842293,88.09309005928945,0.09806402107685835,0.061052391633177966
V16.3,3,0,2.972154195011338,13.695793049351757,10.761121398932396,0,250,19.950819885273493,2.7594760317075004,6.2454161406801685,0.7900699521225073,0.9991263736422046,0.9950240750816173
V16.3,3,0,2.972154195011338,13.695793049351757,10.761121398932396,250,500,26.780024553250517,0.984737108380511,2.1611725807519653,0.4589812959863588,0.9997335564471238,0.999388026614265
V16.3,3,0,2.972154195011338,13.695793049351757,10.761121398932396,500,1000,23.60321783684993,1.6813871549342299,3.3709115101571294,1.0919633018827746,0.9991667978124157,0.998210160738733
V16.3,3,0,2.972154195011338,13.695793049351757,10.761121398932396,1000,1500,15.571027462213426,3.2152144768577133,5.41200591898304,2.415462663296196,0.9934951277677387,0.9867216533897532
V16.3,3,0,2.972154195011338,13.695793049351757,10.761121398932396,1500,2500,2.100550813658863,3.1757293396502964,8.839248161233572,22.168647829028995,0.8387025176888251,0.6315894966934973
V16.3,3,0,2.972154195011338,13.695793049351757,10.761121398932396,2500,3500,-1.2585081902342825,1.4163943420224758,9.29704985514382,91.48462566938308,0.14811496616444897,0.08162691682678154
V16.3,3,0,2.972154195011338,13.695793049351757,10.761121398932396,3500,5000,-0.900418819881412,-0.41147874793390443,7.887492754216259,74.2282241407492,0.22081605366170584,0.1425102524186637
V16.3,3,0,2.972154195011338,13.695793049351757,10.761121398932396,5000,7000,-0.5327244400602584,-1.828989711177262,8.458521981934538,68.98461428659631,0.2686353153388442,0.20680233823159508
V16.3,3,0,2.972154195011338,13.695793049351757,10.761121398932396,7000,9000,2.682118350136979,-1.050639788903697,7.343663685706366,25.5657430485158,0.7812944088429064,0.7109104489165726
V16.3,3,0,2.972154195011338,13.695793049351757,10.761121398932396,9000,11025,-2.732689973069839,0.6615061954367565,8.931597971503784,87.33185163740416,0.057998644026693254,0.040261439449343454
V16.3,5,0,2.972154195011338,18.294388416596913,9.320557033457574,0,250,15.858834008313277,3.5268610416934676,6.353405497696673,0.7693663488992505,0.9991420108564623,0.987964985920706
V16.3,5,0,2.972154195011338,18.294388416596913,9.320557033457574,250,500,26.493741316221048,0.7272923423353728,1.3909484107260246,0.5093156951658527,0.9998061478748174,0.9995919911173333
V16.3,5,0,2.972154195011338,18.294388416596913,9.320557033457574,500,1000,23.3717177748079,1.0134563135705763,2.1467252579889595,1.174290201956926,0.9990885171216333,0.9982605034458838
V16.3,5,0,2.972154195011338,18.294388416596913,9.320557033457574,1000,1500,21.285539255029533,0.93079814674345,2.7148012110618485,2.421347594336785,0.9979220217105623,0.99641163497202
V16.3,5,0,2.972154195011338,18.294388416596913,9.320557033457574,1500,2500,17.540749811781545,1.2103026634524554,3.669415672627471,2.814426116637039,0.9956703457710104,0.9914426568879776
V16.3,5,0,2.972154195011338,18.294388416596913,9.320557033457574,2500,3500,6.793984395956926,1.1174832447331027,4.737103416233588,11.606837064959722,0.9465602606777485,0.8927886177254127
V16.3,5,0,2.972154195011338,18.294388416596913,9.320557033457574,3500,5000,1.8790079637383026,-0.27802844832240375,5.971077642852927,30.958330461231313,0.757185132524524,0.6396374338881845
V16.3,5,0,2.972154195011338,18.294388416596913,9.320557033457574,5000,7000,0.32329211905830446,-2.0090936034527287,8.578754352720537,55.05994279362808,0.5304585224850096,0.41339370412737036
V16.3,5,0,2.972154195011338,18.294388416596913,9.320557033457574,7000,9000,-1.710366390364586,0.02220211423008256,7.353266419381974,75.19743507184424,0.196412169505431,0.1516163673720698
V16.3,5,0,2.972154195011338,18.294388416596913,9.320557033457574,9000,11025,-1.488728398205727,-0.24153141987203475,8.208305108923598,88.61304186310944,0.023081543241873777,0.016709769018908607
V16.3,7,0,2.972154195011338,21.07364071750545,9.012335902988971,0,250,16.312217722284966,3.22302856163877,6.07944370659097,0.8833858171861643,0.9993737527008979,0.9889429973157734
V16.3,7,0,2.972154195011338,21.07364071750545,9.012335902988971,250,500,31.056555755145354,0.42225776884885907,1.2626832284123377,0.49420030000938714,0.9998306435913301,0.9996440126889676
V16.3,7,0,2.972154195011338,21.07364071750545,9.012335902988971,500,1000,26.54314674700104,0.6505404359707017,1.9907942407384234,0.9327402784736593,0.9994766279057343,0.9989042374549011
V16.3,7,0,2.972154195011338,21.07364071750545,9.012335902988971,1000,1500,21.533205014448697,1.0283734152166286,2.4923524010402422,2.186709517239212,0.998329171854772,0.9968418930379589
V16.3,7,0,2.972154195011338,21.07364071750545,9.012335902988971,1500,2500,21.121206730600615,0.9725213615142468,2.6748496593255906,2.240741371491416,0.9981925280958032,0.9963967301335267
V16.3,7,0,2.972154195011338,21.07364071750545,9.012335902988971,2500,3500,11.789194125300178,0.6742694153427496,2.7477080434213113,5.259659288864539,0.983861936979104,0.9663495263042235
V16.3,7,0,2.972154195011338,21.07364071750545,9.012335902988971,3500,5000,5.066260890902154,-0.052420552723280785,4.794859530810922,15.876364633156221,0.891263130974117,0.8348582466671661
V16.3,7,0,2.972154195011338,21.07364071750545,9.012335902988971,5000,7000,3.407409345237979,-2.3932983679401634,8.343446307056583,24.37206830250008,0.8398064946045305,0.7393823745404099
V16.3,7,0,2.972154195011338,21.07364071750545,9.012335902988971,7000,9000,-1.2269024900417005,-2.090536776724879,7.57282689349202,73.308853053406,0.21846608666333603,0.17066253278531815
V16.3,7,0,2.972154195011338,21.07364071750545,9.012335902988971,9000,11025,-1.3836969224570859,-2.064676773837443,8.4332822196188,87.85876557861764,0.028073721989810747,0.020300249524108197
V16.3,9,0,2.972154195011338,20.720521908804187,7.999756417955386,0,250,24.24320439854096,2.4155298056664276,5.3372217095822485,1.698562478781582,0.9996874687897634,0.9985696763432608
V16.3,9,0,2.972154195011338,20.720521908804187,7.999756417955386,250,500,30.718186521389818,0.5724453809137703,1.8301201722431677,0.7333903676903325,0.9998018588056694,0.9996342765698956
V16.3,9,0,2.972154195011338,20.720521908804187,7.999756417955386,500,1000,26.127322474504542,1.34190903461723,2.859995010048392,0.9993684276662411,0.9994617858204866,0.998853668423472
V16.3,9,0,2.972154195011338,20.720521908804187,7.999756417955386,1000,1500,23.906858154302583,1.5314186585099583,3.445569162043634,0.9448058717453567,0.9989957948687364,0.9979774268353991
V16.3,9,0,2.972154195011338,20.720521908804187,7.999756417955386,1500,2500,18.207655911193722,0.9169202574416654,2.841676392527578,1.7936425541578618,0.9963040044036099,0.9924210276676871
V16.3,9,0,2.972154195011338,20.720521908804187,7.999756417955386,2500,3500,18.7098761592724,0.6852604001801781,2.4342505176784184,2.268425516657845,0.9968657228077088,0.9934590487054087
V16.3,9,0,2.972154195011338,20.720521908804187,7.999756417955386,3500,5000,7.598885075634525,0.31207688420135515,3.813565030227388,8.474879643808245,0.9493262407042431,0.9090365140959866
V16.3,9,0,2.972154195011338,20.720521908804187,7.999756417955386,5000,7000,8.373430528364153,-1.5969195867720676,7.153158482250177,8.160194143356678,0.9541841143642573,0.926260630122637
V16.3,9,0,2.972154195011338,20.720521908804187,7.999756417955386,7000,9000,4.841002814612975,-1.797364497630967,6.450214183120652,15.936727376240015,0.8698654739786934,0.8254353706925526
V16.3,9,0,2.972154195011338,20.720521908804187,7.999756417955386,9000,11025,-1.4212556058082182,-0.7684844576380739,7.550128834835865,75.05469036099257,0.2002143876476983,0.155133731712091
V16.3,11,0,2.972154195011338,21.704202638335964,7.758709707032623,0,250,25.631965899613483,2.589379473631041,5.426242914711174,0.6226576093029722,0.9996718607088967,0.9986662832784462
V16.3,11,0,2.972154195011338,21.704202638335964,7.758709707032623,250,500,28.732488960609388,0.5831134501296494,1.8215217436283868,0.608068715129245,0.9997980606461908,0.9995114170046951
V16.3,11,0,2.972154195011338,21.704202638335964,7.758709707032623,500,1000,25.112846801507864,1.260602490522951,2.8745758928000424,1.2664618742551332,0.9993102458280626,0.9985582356615504
V16.3,11,0,2.972154195011338,21.704202638335964,7.758709707032623,1000,1500,23.57819482546028,1.4741047041078665,3.3667134941006234,1.1663662979374587,0.9991127619739137,0.9979987283386811
V16.3,11,0,2.972154195011338,21.704202638335964,7.758709707032623,1500,2500,16.633783325342975,1.0755638866189274,2.961289116247373,1.9871474647647556,0.9945120323998377,0.9895633207532984
V16.3,11,0,2.972154195011338,21.704202638335964,7.758709707032623,2500,3500,12.512596295778113,1.0752264614289893,2.624242977681999,3.8770287057288546,0.9862394716711694,0.9718237195740217
V16.3,11,0,2.972154195011338,21.704202638335964,7.758709707032623,3500,5000,11.248216116401169,0.9405395642248661,2.8656810630280454,4.754192691065652,0.9818270689014644,0.9647954300711593
V16.3,11,0,2.972154195011338,21.704202638335964,7.758709707032623,5000,7000,7.332251135513869,-0.8534385721104417,6.82716736865783,10.002773377577373,0.95027756852388,0.9182099136121569
V16.3,11,0,2.972154195011338,21.704202638335964,7.758709707032623,7000,9000,5.12585952137766,0.3599606518010745,6.333371417257699,12.90629919158578,0.9039905493262819,0.8633324757262426
V16.3,11,0,2.972154195011338,21.704202638335964,7.758709707032623,9000,11025,-1.3129316341416983,-0.0778912524808203,7.4062768885987325,63.67998001521919,0.34924813259136095,0.273467523996506
V16.3,13,0,2.972154195011338,22.977840580478862,7.190794440387553,0,250,26.612700159250487,2.063180192821121,4.65593061074812,0.6871025772227755,0.999623705367651,0.9990699696599715
V16.3,13,0,2.972154195011338,22.977840580478862,7.190794440387553,250,500,31.082181151043912,0.3157096715072893,1.3208056760854283,0.3337598647280723,0.9998964621079761,0.9997989736986899
V16.3,13,0,2.972154195011338,22.977840580478862,7.190794440387553,500,1000,28.013346350853105,0.642987618848613,1.9355966256734765,0.6873887773743405,0.9996789113361256,0.9993992267009764
V16.3,13,0,2.972154195011338,22.977840580478862,7.190794440387553,1000,1500,25.859105878961564,0.5871696928235887,2.1454899879755516,1.0908191308064918,0.9994457804321107,0.9988811821384829
V16.3,13,0,2.972154195011338,22.977840580478862,7.190794440387553,1500,2500,24.99363062841098,0.17726147218456972,1.8339244535586299,1.1811029034302143,0.9992189623035197,0.9984311559440133
V16.3,13,0,2.972154195011338,22.977840580478862,7.190794440387553,2500,3500,15.926477651671952,0.4284010085630854,1.6213552724086862,2.7497032243687163,0.9928673424315785,0.9876102726474806
V16.3,13,0,2.972154195011338,22.977840580478862,7.190794440387553,3500,5000,15.930375793652853,0.2686526720175496,1.6575598038302903,3.2517399972305783,0.9932314472794814,0.9877238306733963
V16.3,13,0,2.972154195011338,22.977840580478862,7.190794440387553,5000,7000,13.701836409848262,-0.623869947595958,6.205830943747181,3.420644627145391,0.9884717780252029,0.9787219443620473
V16.3,13,0,2.972154195011338,22.977840580478862,7.190794440387553,7000,9000,11.915330796885995,-0.6857639422721385,6.402424794890038,3.36095885299253,0.9769569253213103,0.9678577778010843
V16.3,13,0,2.972154195011338,22.977840580478862,7.190794440387553,9000,11025,1.684898913771594,-0.4615038968456777,7.012182629108322,31.087748313334053,0.7143005579054081,0.6396053883351903
V16.3,15,0,2.972154195011338,21.739362205707874,7.1429667742365,0,250,23.38721198280406,2.147991110860665,4.785184296006144,1.9235926740333475,0.999497609495052,0.99864338192155
V16.3,15,0,2.972154195011338,21.739362205707874,7.1429667742365,250,500,26.407880821905675,0.010551532350682583,1.3724200944235687,1.9937549343322807,0.9998716700054223,0.999660540644504
V16.3,15,0,2.972154195011338,21.739362205707874,7.1429667742365,500,1000,26.347718543209197,0.3009078543273726,1.8780357080678267,1.2364714411232491,0.9996303524849179,0.9991697203870363
V16.3,15,0,2.972154195011338,21.739362205707874,7.1429667742365,1000,1500,25.036402029008876,0.7684563963175268,2.4214904280502676,1.3880303390717152,0.9993063895774799,0.998520691164467
V16.3,15,0,2.972154195011338,21.739362205707874,7.1429667742365,1500,2500,24.859468857196077,-0.13447960481862797,1.954003188287567,1.1001041152387556,0.9993054216874678,0.9983729702714762
V16.3,15,0,2.972154195011338,21.739362205707874,7.1429667742365,2500,3500,16.752550842401366,-0.24867857303699376,1.721007720178487,2.7895184295621545,0.9947286561302606,0.9906010810476701
V16.3,15,0,2.972154195011338,21.739362205707874,7.1429667742365,3500,5000,16.796310499408364,-0.29925718915573596,1.536382416144487,2.7794484279106135,0.99452495992327,0.9895415316828493
V16.3,15,0,2.972154195011338,21.739362205707874,7.1429667742365,5000,7000,14.691821664824321,-0.30620551919458106,6.063635360819774,2.7915416107001563,0.9912023852424134,0.9844973665150714
V16.3,15,0,2.972154195011338,21.739362205707874,7.1429667742365,7000,9000,11.3832831270322,-0.4188012446131194,6.48109443466686,3.439607042737114,0.9749478237895208,0.9666752823301016
V16.3,15,0,2.972154195011338,21.739362205707874,7.1429667742365,9000,11025,1.7843489452153545,-0.7104336564873458,6.922493516587905,29.9687163713691,0.725307586186061,0.654022758190986
