checkpoint_best_snr,checkpoint_epoch,clean_phase_coh_3500_9000_mean,clean_snr,clean_snr_3500_9000_mean,delta_phase_coh_3500_9000_mean,delta_snr,delta_snr_3500_9000_mean,mode,noise_rel_rms,noisy_phase_coh_3500_9000_mean,noisy_snr,noisy_snr_3500_9000_mean,run,sample,variance_scale
20.732428689374803,13,0.9760528405507406,25.090155843743535,11.319543551676025,0.0,0.0,0.0,pca,0.0,0.9760528405507406,25.090155843743535,11.319543551676025,V16.3,LJ020-0028,0.0
20.732428689374803,13,0.9760528405507406,25.090155843743535,11.319543551676025,0.0008095502853393555,2.2643481907429894,0.16716753042007326,pca,0.0695441073401687,0.9752432902654012,22.825807653000545,11.152376021255952,V16.3,LJ020-0028,0.005
20.732428689374803,13,0.9760528405507406,25.090155843743535,11.319543551676025,0.001002669334411621,3.780498576497635,0.2835777983802412,pca,0.09801644160295686,0.975050171216329,21.3096572672459,11.035965753295784,V16.3,LJ020-0028,0.01
20.732428689374803,13,0.9760528405507406,25.090155843743535,11.319543551676025,0.002363264560699463,5.649118751603865,0.5824973768230759,pca,0.1389887651951278,0.9736895759900411,19.44103709213967,10.73704617485295,V16.3,LJ020-0028,0.02
20.732428689374803,13,0.9760528405507406,25.090155843743535,11.319543551676025,0.006084998448689816,8.909276195849248,1.2491577581426636,pca,0.21747348796109822,0.9699678421020508,16.180879647894287,10.070385793533362,V16.3,LJ020-0028,0.05
20.732428689374803,13,0.9760528405507406,25.090155843743535,11.319543551676025,0.013888855775197384,11.717529045932608,2.42719575637431,pca,0.3089894224997643,0.9621639847755432,13.372626797810927,8.892347795301715,V16.3,LJ020-0028,0.1
20.732428689374803,13,0.9760528405507406,25.090155843743535,11.319543551676025,0.0,0.0,0.0,channel_iso,0.0,0.9760528405507406,25.090155843743535,11.319543551676025,V16.3,LJ020-0028,0.0
20.732428689374803,13,0.9760528405507406,25.090155843743535,11.319543551676025,0.00041274229685472896,0.5340085171872282,0.11663858027783647,channel_iso,0.07097071127255537,0.9756400982538859,24.556147326556307,11.202904971398189,V16.3,LJ020-0028,0.005
20.732428689374803,13,0.9760528405507406,25.090155843743535,11.319543551676025,0.0011246800422668457,0.9980401531257819,0.2463326996407318,channel_iso,0.09992680005645094,0.9749281605084738,24.092115690617753,11.073210852035293,V16.3,LJ020-0028,0.01
20.732428689374803,13,0.9760528405507406,25.090155843743535,11.319543551676025,0.0019530455271403735,1.8158138267616302,0.4555639609112845,channel_iso,0.1415325485779152,0.9740997950236002,23.274342016981905,10.86397959076474,V16.3,LJ020-0028,0.02
20.732428689374803,13,0.9760528405507406,25.090155843743535,11.319543551676025,0.004584034283955929,3.631228017310953,0.9939838624298325,channel_iso,0.22341610688856336,0.9714688062667847,21.458927826432582,10.325559689246193,V16.3,LJ020-0028,0.05
20.732428689374803,13,0.9760528405507406,25.090155843743535,11.319543551676025,0.007904311021169064,5.760329544333079,1.7006208842581145,channel_iso,0.31582830323631716,0.9681485295295715,19.329826299410456,9.61892266741791,V16.3,LJ020-0028,0.1
20.732428689374803,13,0.7851243615150452,22.132908560348685,8.03473970487911,0.0,0.0,0.0,pca,0.0,0.7851243615150452,22.132908560348685,8.03473970487911,V16.3,LJ034-0124,0.0
20.732428689374803,13,0.7851243615150452,22.132908560348685,8.03473970487911,0.0008468230565389367,0.8755261529417417,0.04887296281635223,pca,0.05494313938280503,0.7842775384585062,21.257382407406944,7.985866742062758,V16.3,LJ034-0124,0.005
20.732428689374803,13,0.7851243615150452,22.132908560348685,8.03473970487911,0.0010318060715993616,1.5834157664751238,0.0852016811914087,pca,0.07687343975606732,0.7840925554434458,20.54949279387356,7.949538023687701,V16.3,LJ034-0124,0.01
20.732428689374803,13,0.7851243615150452,22.132908560348685,8.03473970487911,0.0038454830646514893,2.93503853040097,0.27359138011047257,pca,0.1101290836317634,0.7812788784503937,19.197870029947715,7.761148324768637,V16.3,LJ034-0124,0.02
20.732428689374803,13,0.7851243615150452,22.132908560348685,8.03473970487911,0.008939812580744388,5.106950225872605,0.5572407534196717,pca,0.17267043841817328,0.7761845489343008,17.02595833447608,7.477498951459438,V16.3,LJ034-0124,0.05
20.732428689374803,13,0.7851243615150452,22.132908560348685,8.03473970487911,0.014315495888392094,7.380744232392651,1.171978326926955,pca,0.24373904644348954,0.7708088656266531,14.752164327956034,6.862761377952155,V16.3,LJ034-0124,0.1
20.732428689374803,13,0.7851243615150452,22.132908560348685,8.03473970487911,0.0,0.0,0.0,channel_iso,0.0,0.7851243615150452,22.132908560348685,8.03473970487911,V16.3,LJ034-0124,0.0
20.732428689374803,13,0.7851243615150452,22.132908560348685,8.03473970487911,0.0015813211599985388,0.307070014230284,0.10848584987028254,channel_iso,0.07041373179690953,0.7835430403550466,21.8258385461184,7.926253855008827,V16.3,LJ034-0124,0.005
20.732428689374803,13,0.7851243615150452,22.132908560348685,8.03473970487911,0.0016008218129476282,0.5755483879692633,0.22914681063024922,channel_iso,0.09991629484015072,0.7835235397020975,21.557360172379422,7.805592894248861,V16.3,LJ034-0124,0.01
20.732428689374803,13,0.7851243615150452,22.132908560348685,8.03473970487911,0.0045426289240518836,1.037081747680876,0.37381094124293135,channel_iso,0.1405756731420638,0.7805817325909933,21.09582681266781,7.6609287636361785,V16.3,LJ034-0124,0.02
20.732428689374803,13,0.7851243615150452,22.132908560348685,8.03473970487911,0.010929673910140991,2.312350649507465,0.9658704362995021,channel_iso,0.22376026761250603,0.7741946876049042,19.82055791084122,7.068869268579608,V16.3,LJ034-0124,0.05
20.732428689374803,13,0.7851243615150452,22.132908560348685,8.03473970487911,0.015094647804896,3.968139736114164,1.541254448833639,channel_iso,0.31564622475329324,0.7700297137101492,18.16476882423452,6.493485256045471,V16.3,LJ034-0124,0.1
20.732428689374803,13,0.9551436503728231,21.13036110708559,9.984555997516717,0.0,0.0,0.0,pca,0.0,0.9551436503728231,21.13036110708559,9.984555997516717,V16.3,LJ027-0059,0.0
20.732428689374803,13,0.9551436503728231,21.13036110708559,9.984555997516717,0.00044516722361254146,1.1784828099013076,0.07931483585253041,pca,0.07160916918126212,0.9546984831492106,19.951878297184283,9.905241161664186,V16.3,LJ027-0059,0.005
20.732428689374803,13,0.9551436503728231,21.13036110708559,9.984555997516717,0.0015927950541179126,2.1659589794822978,0.21777974849566917,pca,0.10107768429551156,0.9535508553187052,18.964402127603293,9.766776249021047,V16.3,LJ027-0059,0.01
20.732428689374803,13,0.9551436503728231,21.13036110708559,9.984555997516717,0.0020145177841186523,3.5892865377068297,0.33393169032726355,pca,0.14238747586159017,0.9531291325887045,17.54107456937876,9.650624307189453,V16.3,LJ027-0059,0.02
20.732428689374803,13,0.9551436503728231,21.13036110708559,9.984555997516717,0.00621507565180468,6.496376513915095,0.7602873921772861,pca,0.22773937615581635,0.9489285747210184,14.633984593170496,9.22426860533943,V16.3,LJ027-0059,0.05
20.732428689374803,13,0.9551436503728231,21.13036110708559,9.984555997516717,0.01064697901407885,8.881609924063277,1.3910582442442596,pca,0.3199609159220464,0.9444966713587443,12.248751183022314,8.593497753272457,V16.3,LJ027-0059,0.1
20.732428689374803,13,0.9551436503728231,21.13036110708559,9.984555997516717,0.0,0.0,0.0,channel_iso,0.0,0.9551436503728231,21.13036110708559,9.984555997516717,V16.3,LJ027-0059,0.0
20.732428689374803,13,0.9551436503728231,21.13036110708559,9.984555997516717,0.00048200289408373287,0.2502143455986179,0.07620381216341343,channel_iso,0.07045884020337609,0.9546616474787394,20.880146761486973,9.908352185353303,V16.3,LJ027-0059,0.005
20.732428689374803,13,0.9551436503728231,21.13036110708559,9.984555997516717,0.0009802977244059985,0.46897281655872547,0.12470295577775659,channel_iso,0.10006442575733714,0.9541633526484171,20.661388290526865,9.85985304173896,V16.3,LJ027-0059,0.01
20.732428689374803,13,0.9551436503728231,21.13036110708559,9.984555997516717,0.0005374948183696215,0.8804014352183813,0.23751702154722665,channel_iso,0.141010077018434,0.9546061555544535,20.24995967186721,9.74703897596949,V16.3,LJ027-0059,0.02
20.732428689374803,13,0.9551436503728231,21.13036110708559,9.984555997516717,0.003137071927388546,2.0083063938571435,0.5526854701614905,channel_iso,0.2236804429368061,0.9520065784454346,19.122054713228447,9.431870527355226,V16.3,LJ027-0059,0.05
20.732428689374803,13,0.9551436503728231,21.13036110708559,9.984555997516717,0.007289409637451172,3.3746386915760844,1.0634392034998434,channel_iso,0.31500055234516483,0.947854240735372,17.755722415509506,8.921116794016873,V16.3,LJ027-0059,0.1
20.732428689374803,13,0.9822423259417216,18.368762726042828,12.74270855799638,0.0,0.0,0.0,pca,0.0,0.9822423259417216,18.368762726042828,12.74270855799638,V16.3,LJ028-0227,0.0
20.732428689374803,13,0.9822423259417216,18.368762726042828,12.74270855799638,0.0004970630009968335,0.6078976350391656,0.15318235495159627,pca,0.06407218163012351,0.9817452629407247,17.760865091003662,12.589526203044784,V16.3,LJ028-0227,0.005
20.732428689374803,13,0.9822423259417216,18.368762726042828,12.74270855799638,0.0010225772857666016,1.2404716528460895,0.31780916086993294,pca,0.09088231147948227,0.981219748655955,17.12829107319674,12.424899397126447,V16.3,LJ028-0227,0.01
20.732428689374803,13,0.9822423259417216,18.368762726042828,12.74270855799638,0.0023064017295837402,2.1911284507242925,0.6186538171122198,pca,0.12778365365456257,0.9799359242121378,16.177634275318535,12.12405474088416,V16.3,LJ028-0227,0.02
20.732428689374803,13,0.9822423259417216,18.368762726042828,12.74270855799638,0.005891919136047363,4.204606205857409,1.4790553103152195,pca,0.20358414406435593,0.9763504068056742,14.164156520185418,11.26365324768116,V16.3,LJ028-0227,0.05
20.732428689374803,13,0.9822423259417216,18.368762726042828,12.74270855799638,0.012274722258249882,6.580295490849371,2.5877548842066265,pca,0.28865026009455813,0.9699676036834717,11.788467235193457,10.154953673789754,V16.3,LJ028-0227,0.1
20.732428689374803,13,0.9822423259417216,18.368762726042828,12.74270855799638,0.0,0.0,0.0,channel_iso,0.0,0.9822423259417216,18.368762726042828,12.74270855799638,V16.3,LJ028-0227,0.0
20.732428689374803,13,0.9822423259417216,18.368762726042828,12.74270855799638,0.00030112266540527344,0.18298163253951572,0.11418999635870364,channel_iso,0.07034420541597738,0.9819412032763163,18.185781093503312,12.628518561637676,V16.3,LJ028-0227,0.005
20.732428689374803,13,0.9822423259417216,18.368762726042828,12.74270855799638,0.000758508841196659,0.3564378340663943,0.23554712535367806,channel_iso,0.09958813485234616,0.9814838171005249,18.012324891976434,12.507161432642702,V16.3,LJ028-0227,0.01
20.732428689374803,13,0.9822423259417216,18.368762726042828,12.74270855799638,0.0014473597208658484,0.756327837435407,0.45166109264773446,channel_iso,0.14037717904861052,0.9807949662208557,17.61243488860742,12.291047465348646,V16.3,LJ028-0227,0.02
20.732428689374803,13,0.9822423259417216,18.368762726042828,12.74270855799638,0.003058036168416267,1.5216059129951347,0.915941142530512,channel_iso,0.22220384783267189,0.9791842897733053,16.847156813047693,11.826767415465868,V16.3,LJ028-0227,0.05
20.732428689374803,13,0.9822423259417216,18.368762726042828,12.74270855799638,0.0075658361117044715,2.7498696485490903,1.8954998222714963,channel_iso,0.31519630305990926,0.9746764898300171,15.618893077493738,10.847208735724884,V16.3,LJ028-0227,0.1
20.732428689374803,13,0.9887557228406271,21.015306195009774,14.011938968417132,0.0,0.0,0.0,pca,0.0,0.9887557228406271,21.015306195009774,14.011938968417132,V16.3,LJ032-0183,0.0
20.732428689374803,13,0.9887557228406271,21.015306195009774,14.011938968417132,0.0004987120628356934,0.7773045138377661,0.17599651008794126,pca,0.05913320655278004,0.9882570107777914,20.23800168117201,13.83594245832919,V16.3,LJ032-0183,0.005
20.732428689374803,13,0.9887557228406271,21.015306195009774,14.011938968417132,0.0010237693786621094,1.3930440851649308,0.4196601869951291,pca,0.0827928204996028,0.987731953461965,19.622262109844844,13.592278781422003,V16.3,LJ032-0183,0.01
20.732428689374803,13,0.9887557228406271,21.015306195009774,14.011938968417132,0.001589198907216427,2.5269471634869767,0.6932931576379637,pca,0.11768268357936146,0.9871665239334106,18.488359031522798,13.318645810779168,V16.3,LJ032-0183,0.02
20.732428689374803,13,0.9887557228406271,21.015306195009774,14.011938968417132,0.004671136538187737,4.598883346986813,1.4985000253501095,pca,0.18499583492562904,0.9840845863024393,16.41642284802296,12.513438943067023,V16.3,LJ032-0183,0.05
20.732428689374803,13,0.9887557228406271,21.015306195009774,14.011938968417132,0.009409288565317864,6.886095454405705,2.7209412369767616,pca,0.2624503300085181,0.9793464342753092,14.12921074060407,11.29099773144037,V16.3,LJ032-0183,0.1
20.732428689374803,13,0.9887557228406271,21.015306195009774,14.011938968417132,0.0,0.0,0.0,channel_iso,0.0,0.9887557228406271,21.015306195009774,14.011938968417132,V16.3,LJ032-0183,0.0
20.732428689374803,13,0.9887557228406271,21.015306195009774,14.011938968417132,0.00040123860041307857,0.2314259332644255,0.1287402713165271,channel_iso,0.07045310936428746,0.988354484240214,20.78388026174535,13.883198697100605,V16.3,LJ032-0183,0.005
20.732428689374803,13,0.9887557228406271,21.015306195009774,14.011938968417132,0.0008873740832011645,0.5437122420093559,0.3442520387313692,channel_iso,0.09976592163569749,0.9878683487574259,20.47159395300042,13.667686929685763,V16.3,LJ032-0183,0.01
20.732428689374803,13,0.9887557228406271,21.015306195009774,14.011938968417132,0.0014252662658691406,0.8926520390860482,0.5390395753748489,channel_iso,0.1411781760893785,0.9873304565747579,20.122654155923726,13.472899393042283,V16.3,LJ032-0183,0.02
20.732428689374803,13,0.9887557228406271,21.015306195009774,14.011938968417132,0.0037165085474650805,2.1365948010178535,1.3338238258811241,channel_iso,0.2229834986373829,0.985039214293162,18.87871139399192,12.678115142536008,V16.3,LJ032-0183,0.05
20.732428689374803,13,0.9887557228406271,21.015306195009774,14.011938968417132,0.0067211190859477465,3.5538578735307205,2.2747493414575466,channel_iso,0.3151633516521155,0.9820346037546793,17.461448321479054,11.737189626959585,V16.3,LJ032-0183,0.1
20.732428689374803,13,0.9829141100247701,17.043011200930437,14.675000257308511,0.0,0.0,0.0,pca,0.0,0.9829141100247701,17.043011200930437,14.675000257308511,V16.3,LJ018-0059,0.0
20.732428689374803,13,0.9829141100247701,17.043011200930437,14.675000257308511,0.0003852645556132739,0.6288934648365228,0.2430548019314589,pca,0.07083849520664977,0.9825288454691569,16.414117736093914,14.431945455377052,V16.3,LJ018-0059,0.005
20.732428689374803,13,0.9829141100247701,17.043011200930437,14.675000257308511,0.0009372234344482422,1.1750831094726308,0.5094373298951211,pca,0.10064725407964246,0.9819768865903219,15.867928091457806,14.16556292741339,V16.3,LJ018-0059,0.01
20.732428689374803,13,0.9829141100247701,17.043011200930437,14.675000257308511,0.0015203356742858887,2.0999160756784114,0.9123472230658098,pca,0.14187740029782128,0.9813937743504842,14.943095125252025,13.762653034242701,V16.3,LJ018-0059,0.02
20.732428689374803,13,0.9829141100247701,17.043011200930437,14.675000257308511,0.004202902317047119,4.067077822807985,2.033046208573049,pca,0.22555478921030345,0.978711207707723,12.975933378122452,12.641954048735462,V16.3,LJ018-0059,0.05
20.732428689374803,13,0.9829141100247701,17.043011200930437,14.675000257308511,0.008599817752838135,6.3128461030103065,3.270946611885762,pca,0.3193419952073787,0.974314292271932,10.73016509792013,11.40405364542275,V16.3,LJ018-0059,0.1
20.732428689374803,13,0.9829141100247701,17.043011200930437,14.675000257308511,0.0,0.0,0.0,channel_iso,0.0,0.9829141100247701,17.043011200930437,14.675000257308511,V16.3,LJ018-0059,0.0
20.732428689374803,13,0.9829141100247701,17.043011200930437,14.675000257308511,0.00039043029149377073,0.14203156334428257,0.12362758735126,channel_iso,0.07040271920679246,0.9825236797332764,16.900979637586154,14.551372669957251,V16.3,LJ018-0059,0.005
20.732428689374803,13,0.9829141100247701,17.043011200930437,14.675000257308511,0.0004900296529134485,0.2716700129066112,0.26507593485961856,channel_iso,0.09960159968762208,0.9824240803718567,16.771341188023825,14.409924322448893,V16.3,LJ018-0059,0.01
20.732428689374803,13,0.9829141100247701,17.043011200930437,14.675000257308511,0.0010548830032348633,0.5480488832481463,0.5149171865382289,channel_iso,0.1410165004786835,0.9818592270215353,16.49496231768229,14.160083070770282,V16.3,LJ018-0059,0.02
20.732428689374803,13,0.9829141100247701,17.043011200930437,14.675000257308511,0.0027526418368022387,1.2666956399610676,1.1987081118387692,channel_iso,0.22225891914721987,0.9801614681879679,15.776315560969369,13.476292145469742,V16.3,LJ018-0059,0.05
20.732428689374803,13,0.9829141100247701,17.043011200930437,14.675000257308511,0.005241294701894161,2.1991966270935173,1.9747256965371136,channel_iso,0.3143990987776947,0.977672815322876,14.84381457383692,12.700274560771398,V16.3,LJ018-0059,0.1
20.732428689374803,13,0.9856448372205099,23.6638831865438,14.658694382098131,0.0,0.0,0.0,pca,0.0,0.9856448372205099,23.6638831865438,14.658694382098131,V16.3,LJ018-0247,0.0
20.732428689374803,13,0.9856448372205099,23.6638831865438,14.658694382098131,0.00035190582275390625,1.2005271699042126,0.1856896469332252,pca,0.05510192361935802,0.985292931397756,22.463356016639587,14.473004735164906,V16.3,LJ018-0247,0.005
20.732428689374803,13,0.9856448372205099,23.6638831865438,14.658694382098131,0.0008299350738525391,2.027754107714191,0.4434632431877965,pca,0.07796569616031035,0.9848149021466573,21.636129078829608,14.215231138910335,V16.3,LJ018-0247,0.01
20.732428689374803,13,0.9856448372205099,23.6638831865438,14.658694382098131,0.0013764301935832446,3.483377607962911,0.6716188539587975,pca,0.11119363013817406,0.9842684070269266,20.18050557858089,13.987075528139334,V16.3,LJ018-0247,0.02
20.732428689374803,13,0.9856448372205099,23.6638831865438,14.658694382098131,0.003972768783569336,6.0829286341610675,1.5463966697570424,pca,0.17547289741551256,0.9816720684369405,17.58095455238273,13.112297712341089,V16.3,LJ018-0247,0.05
20.732428689374803,13,0.9856448372205099,23.6638831865438,14.658694382098131,0.007185816764831543,8.591707776811004,2.546010945167172,pca,0.24750608082314837,0.9784590204556783,15.072175409732795,12.11268343693096,V16.3,LJ018-0247,0.1
20.732428689374803,13,0.9856448372205099,23.6638831865438,14.658694382098131,0.0,0.0,0.0,channel_iso,0.0,0.9856448372205099,23.6638831865438,14.658694382098131,V16.3,LJ018-0247,0.0
20.732428689374803,13,0.9856448372205099,23.6638831865438,14.658694382098131,0.00036215782165527344,0.4270277465733727,0.16258891752961624,channel_iso,0.07025824195446574,0.9852826793988546,23.236855439970427,14.496105464568515,V16.3,LJ018-0247,0.005
20.732428689374803,13,0.9856448372205099,23.6638831865438,14.658694382098131,0.0007663766543071215,0.8628000872356303,0.30987878111333345,channel_iso,0.09994329143901988,0.9848784605662028,22.80108309930817,14.348815600984798,V16.3,LJ018-0247,0.01
20.732428689374803,13,0.9856448372205099,23.6638831865438,14.658694382098131,0.0014002720514934008,1.4725144651183442,0.5576655763605665,channel_iso,0.141390214789126,0.9842445651690165,22.191368721425455,14.101028805737565,V16.3,LJ018-0247,0.02
20.732428689374803,13,0.9856448372205099,23.6638831865438,14.658694382098131,0.003439644972483391,3.0456608576302777,1.1795419948361996,channel_iso,0.22243612067772683,0.9822051922480265,20.61822232891352,13.479152387261932,V16.3,LJ018-0247,0.05
20.732428689374803,13,0.9856448372205099,23.6638831865438,14.658694382098131,0.006871243317921993,4.910015273470233,2.2715957604407304,channel_iso,0.3164418197325824,0.9787735939025879,18.753867913073567,12.387098621657401,V16.3,LJ018-0247,0.1
20.732428689374803,13,0.9764802654584249,21.366483046675327,11.49683452847934,0.0,0.0,0.0,pca,0.0,0.9764802654584249,21.366483046675327,11.49683452847934,V16.3,LJ030-0047,0.0
20.732428689374803,13,0.9764802654584249,21.366483046675327,11.49683452847934,0.0003705620765686035,1.481696744559148,0.13253380946943594,pca,0.07267714852353033,0.9761097033818563,19.88478630211618,11.364300719009904,V16.3,LJ030-0047,0.005
20.732428689374803,13,0.9764802654584249,21.366483046675327,11.49683452847934,0.0010173916816711426,2.693884473390522,0.28445953077279285,pca,0.1028028910548512,0.9754628737767538,18.672598573284805,11.212374997706547,V16.3,LJ030-0047,0.01
20.732428689374803,13,0.9764802654584249,21.366483046675327,11.49683452847934,0.0022677977879842492,4.218775425009504,0.5395193221031018,pca,0.14506053209850697,0.9742124676704407,17.147707621665823,10.957315206376238,V16.3,LJ030-0047,0.02
20.732428689374803,13,0.9764802654584249,21.366483046675327,11.49683452847934,0.0067397356033325195,7.350024929603164,1.3610446250495318,pca,0.23151033114017658,0.9697405298550924,14.016458117072164,10.135789903429808,V16.3,LJ030-0047,0.05
20.732428689374803,13,0.9764802654584249,21.366483046675327,11.49683452847934,0.013863007227579827,10.040886328510846,2.504377252006634,pca,0.3286687409554061,0.9626172582308451,11.325596718164482,8.992457276472706,V16.3,LJ030-0047,0.1
20.732428689374803,13,0.9764802654584249,21.366483046675327,11.49683452847934,0.0,0.0,0.0,channel_iso,0.0,0.9764802654584249,21.366483046675327,11.49683452847934,V16.3,LJ030-0047,0.0
20.732428689374803,13,0.9764802654584249,21.366483046675327,11.49683452847934,0.000296632448832268,0.32592405286301585,0.08223667206662277,channel_iso,0.07035871101545903,0.9761836330095927,21.04055899381231,11.414597856412717,V16.3,LJ030-0047,0.005
20.732428689374803,13,0.9764802654584249,21.366483046675327,11.49683452847934,0.0003853241602580493,0.6002921249673996,0.14625339597883702,channel_iso,0.09990726272444708,0.9760949412981669,20.766190921707928,11.350581132500503,V16.3,LJ030-0047,0.01
20.732428689374803,13,0.9764802654584249,21.366483046675327,11.49683452847934,0.0014792680740356445,1.1532102672638977,0.3456027651460811,channel_iso,0.14163988160698945,0.9750009973843893,20.21327277941143,11.151231763333259,V16.3,LJ030-0047,0.02
20.732428689374803,13,0.9764802654584249,21.366483046675327,11.49683452847934,0.0034932295481364672,2.5173067587617055,0.7983840760972907,channel_iso,0.22297876327988275,0.9729870359102885,18.84917628791362,10.69845045238205,V16.3,LJ030-0047,0.05
20.732428689374803,13,0.9764802654584249,21.366483046675327,11.49683452847934,0.007437924544016594,3.88938822059578,1.4637529585376257,channel_iso,0.31439223098179553,0.9690423409144083,17.477094826079547,10.033081569941714,V16.3,LJ030-0047,0.1
20.732428689374803,13,0.9729729096094767,20.27539024277877,11.275510148146118,0.0,0.0,0.0,pca,0.0,0.9729729096094767,20.27539024277877,11.275510148146118,V16.3,LJ014-0166,0.0
20.732428689374803,13,0.9729729096094767,20.27539024277877,11.275510148146118,0.0008334517478942871,1.1393487748465176,0.20619421577336716,pca,0.07469721901643975,0.9721394578615824,19.13604146793225,11.069315932372751,V16.3,LJ014-0166,0.005
20.732428689374803,13,0.9729729096094767,20.27539024277877,11.275510148146118,0.0013648271560668945,2.1304919358826453,0.31581550143668835,pca,0.10663692367081391,0.9716080824534098,18.144898306896124,10.95969464670943,V16.3,LJ014-0166,0.01
20.732428689374803,13,0.9729729096094767,20.27539024277877,11.275510148146118,0.003190795580546024,3.429603590643449,0.6001981616874872,pca,0.149433910765176,0.9697821140289307,16.84578665213532,10.675311986458631,V16.3,LJ014-0166,0.02
20.732428689374803,13,0.9729729096094767,20.27539024277877,11.275510148146118,0.008353332678476932,6.23632356970095,1.5800885959713913,pca,0.23644775699785958,0.9646195769309998,14.03906667307782,9.695421552174727,V16.3,LJ014-0166,0.05
20.732428689374803,13,0.9729729096094767,20.27539024277877,11.275510148146118,0.013801554838816288,8.796602058752221,2.698964621056918,pca,0.33612683870470733,0.9591713547706604,11.478788184026548,8.5765455270892,V16.3,LJ014-0166,0.1
20.732428689374803,13,0.9729729096094767,20.27539024277877,11.275510148146118,0.0,0.0,0.0,channel_iso,0.0,0.9729729096094767,20.27539024277877,11.275510148146118,V16.3,LJ014-0166,0.0
20.732428689374803,13,0.9729729096094767,20.27539024277877,11.275510148146118,0.0005338788032531738,0.25603806307594823,0.14184806539271655,channel_iso,0.07057894745573876,0.9724390308062235,20.01935217970282,11.133662082753402,V16.3,LJ014-0166,0.005
20.732428689374803,13,0.9729729096094767,20.27539024277877,11.275510148146118,0.0008882681528726843,0.45319363505878485,0.24258165715311897,channel_iso,0.0998328273622989,0.972084641456604,19.822196607719984,11.032928490993,V16.3,LJ014-0166,0.01
20.732428689374803,13,0.9729729096094767,20.27539024277877,11.275510148146118,0.0019895235697428015,0.8459358328939075,0.4526811753420006,channel_iso,0.14096100598804848,0.9709833860397339,19.429454409884862,10.822828972804118,V16.3,LJ014-0166,0.02
20.732428689374803,13,0.9729729096094767,20.27539024277877,11.275510148146118,0.0037087400754292066,1.8636413868927164,0.9628121147939623,channel_iso,0.2220841287690701,0.9692641695340475,18.411748855886053,10.312698033352156,V16.3,LJ014-0166,0.05
20.732428689374803,13,0.9729729096094767,20.27539024277877,11.275510148146118,0.008229712645212772,3.1219953810313825,1.7459938219899644,channel_iso,0.31370137095817957,0.9647431969642639,17.153394861747387,9.529516326156154,V16.3,LJ014-0166,0.1
20.732428689374803,13,0.9870277047157288,23.17080748243097,14.003538859150657,0.0,0.0,0.0,pca,0.0,0.9870277047157288,23.17080748243097,14.003538859150657,V16.3,LJ028-0427,0.0
20.732428689374803,13,0.9870277047157288,23.17080748243097,14.003538859150657,0.0006979703903198242,1.6845082874001918,0.24478208609622065,pca,0.06879778385654826,0.9863297343254089,21.486299195030778,13.758756773054436,V16.3,LJ028-0427,0.005
20.732428689374803,13,0.9870277047157288,23.17080748243097,14.003538859150657,0.001232922077178955,2.828905468139812,0.43239856517490516,pca,0.09666294934424419,0.9857947826385498,20.341902014291158,13.571140293975752,V16.3,LJ028-0427,0.01
20.732428689374803,13,0.9870277047157288,23.17080748243097,14.003538859150657,0.0024142066637674597,4.474871276920954,0.885738148419513,pca,0.13688925609512484,0.9846134980519613,18.695936205510016,13.117800710731144,V16.3,LJ028-0427,0.02
20.732428689374803,13,0.9870277047157288,23.17080748243097,14.003538859150657,0.005516707897186279,7.586536027801902,1.8559841064754536,pca,0.21622275701936175,0.9815109968185425,15.584271454629068,12.147554752675203,V16.3,LJ028-0427,0.05
20.732428689374803,13,0.9870277047157288,23.17080748243097,14.003538859150657,0.011510372161865234,10.206943775060555,3.2593186183483844,pca,0.30675267563176667,0.9755173325538635,12.963863707370415,10.744220240802273,V16.3,LJ028-0427,0.1
20.732428689374803,13,0.9870277047157288,23.17080748243097,14.003538859150657,0.0,0.0,0.0,channel_iso,0.0,0.9870277047157288,23.17080748243097,14.003538859150657,V16.3,LJ028-0427,0.0
20.732428689374803,13,0.9870277047157288,23.17080748243097,14.003538859150657,0.00037833054860436643,0.4118241313500306,0.15695235952673414,channel_iso,0.07064702166020254,0.9866493741671244,22.75898335108094,13.846586499623923,V16.3,LJ028-0427,0.005
20.732428689374803,13,0.9870277047157288,23.17080748243097,14.003538859150657,0.0007324814796447754,0.750441400030887,0.30610519936437264,channel_iso,0.10052499798003482,0.986295223236084,22.420366082400083,13.697433659786284,V16.3,LJ028-0427,0.01
20.732428689374803,13,0.9870277047157288,23.17080748243097,14.003538859150657,0.0015421509742736816,1.3849257203809593,0.5948571589242313,channel_iso,0.1406044012281441,0.9854855537414551,21.78588176205001,13.408681700226426,V16.3,LJ028-0427,0.02
20.732428689374803,13,0.9870277047157288,23.17080748243097,14.003538859150657,0.003643651803334591,2.9550889332385886,1.3101162293399398,channel_iso,0.2232084630968258,0.9833840529123942,20.21571854919238,12.693422629810717,V16.3,LJ028-0427,0.05
20.732428689374803,13,0.9870277047157288,23.17080748243097,14.003538859150657,0.007521788279215458,4.675485348943447,2.3798143880574454,channel_iso,0.31674753273905376,0.9795059164365133,18.495322133487523,11.623724471093212,V16.3,LJ028-0427,0.1
20.732428689374803,13,0.9761751294136047,20.909630892379923,12.239321701628434,0.0,0.0,0.0,pca,0.0,0.9761751294136047,20.909630892379923,12.239321701628434,V16.3,LJ002-0316,0.0
20.732428689374803,13,0.9761751294136047,20.909630892379923,12.239321701628434,0.0012056628863016394,0.9347761570658086,0.1839487576307821,pca,0.06672660439404922,0.9749694665273031,19.974854735314114,12.055372943997652,V16.3,LJ002-0316,0.005
20.732428689374803,13,0.9761751294136047,20.909630892379923,12.239321701628434,0.0015372435251871375,1.6531748944504407,0.30630803966806575,pca,0.09432305868844289,0.9746378858884176,19.256455997929482,11.933013661960368,V16.3,LJ002-0316,0.01
20.732428689374803,13,0.9761751294136047,20.909630892379923,12.239321701628434,0.0038810173670450476,2.90046216365905,0.6327052913858697,pca,0.13391592003439723,0.9722941120465597,18.009168728720873,11.606616410242564,V16.3,LJ002-0316,0.02
20.732428689374803,13,0.9761751294136047,20.909630892379923,12.239321701628434,0.009160975615183475,5.402181391660168,1.459826775776504,pca,0.2128378490369669,0.9670141537984213,15.507449500719755,10.77949492585193,V16.3,LJ002-0316,0.05
20.732428689374803,13,0.9761751294136047,20.909630892379923,12.239321701628434,0.013876954714457157,7.751820577797526,2.383173111357399,pca,0.30092129909573784,0.9622981746991476,13.157810314582397,9.856148590271035,V16.3,LJ002-0316,0.1
20.732428689374803,13,0.9761751294136047,20.909630892379923,12.239321701628434,0.0,0.0,0.0,channel_iso,0.0,0.9761751294136047,20.909630892379923,12.239321701628434,V16.3,LJ002-0316,0.0
20.732428689374803,13,0.9761751294136047,20.909630892379923,12.239321701628434,0.0004023114840189246,0.21294677986853827,0.12231635488238446,channel_iso,0.07069900354696985,0.9757728179295858,20.696684112511385,12.11700534674605,V16.3,LJ002-0316,0.005
20.732428689374803,13,0.9761751294136047,20.909630892379923,12.239321701628434,0.0008317232131958008,0.4273983576176832,0.2216303074438386,channel_iso,0.09984210918860698,0.9753434062004089,20.48223253476224,12.017691394184595,V16.3,LJ002-0316,0.01
20.732428689374803,13,0.9761751294136047,20.909630892379923,12.239321701628434,0.0019436279932657508,0.7905556374494154,0.428785199278904,channel_iso,0.14177646846663453,0.974231501420339,20.119075254930507,11.81053650234953,V16.3,LJ002-0316,0.02
20.732428689374803,13,0.9761751294136047,20.909630892379923,12.239321701628434,0.004281878471374512,1.7856188784590543,0.9628466721247051,channel_iso,0.22347718249732726,0.9718932509422302,19.12401201392087,11.276475029503729,V16.3,LJ002-0316,0.05
20.732428689374803,13,0.9761751294136047,20.909630892379923,12.239321701628434,0.008721232414245605,3.1811522249404973,1.9062347407942681,channel_iso,0.3157709298549401,0.9674538969993591,17.728478667439425,10.333086960834166,V16.3,LJ002-0316,0.1
20.732428689374803,13,0.9763240416844686,20.588374017792816,11.842227734082144,0.0,0.0,0.0,pca,0.0,0.9763240416844686,20.588374017792816,11.842227734082144,V16.3,LJ011-0208,0.0
20.732428689374803,13,0.9763240416844686,20.588374017792816,11.842227734082144,0.0009283622105916711,1.846979169365639,0.2316475036016019,pca,0.09069480005404765,0.975395679473877,18.741394848427177,11.610580230480542,V16.3,LJ011-0208,0.005
20.732428689374803,13,0.9763240416844686,20.588374017792816,11.842227734082144,0.0020044644673665735,3.2878044065895082,0.45641900815947345,pca,0.12948105627523415,0.974319577217102,17.300569611203308,11.38580872592267,V16.3,LJ011-0208,0.01
20.732428689374803,13,0.9763240416844686,20.588374017792816,11.842227734082144,0.003567636013031006,5.222912800652994,0.8906152452762512,pca,0.18407481580353777,0.9727564056714376,15.365461217139822,10.951612488805893,V16.3,LJ011-0208,0.02
20.732428689374803,13,0.9763240416844686,20.588374017792816,11.842227734082144,0.01046123107274377,8.034651520965268,1.9822780881501387,pca,0.28721821648485935,0.9658628106117249,12.553722496827548,9.859949645932005,V16.3,LJ011-0208,0.05
20.732428689374803,13,0.9763240416844686,20.588374017792816,11.842227734082144,0.018270810445149777,11.043115121355328,3.4162817234065397,pca,0.40713779933047306,0.9580532312393188,9.545258896437488,8.425946010675604,V16.3,LJ011-0208,0.1
20.732428689374803,13,0.9763240416844686,20.588374017792816,11.842227734082144,0.0,0.0,0.0,channel_iso,0.0,0.9763240416844686,20.588374017792816,11.842227734082144,V16.3,LJ011-0208,0.0
20.732428689374803,13,0.9763240416844686,20.588374017792816,11.842227734082144,0.0002961158752441406,0.2479693351509269,0.06291905602106773,channel_iso,0.0704352320238296,0.9760279258092245,20.34040468264189,11.779308678061076,V16.3,LJ011-0208,0.005
20.732428689374803,13,0.9763240416844686,20.588374017792816,11.842227734082144,0.0006310542424520227,0.5214076246214745,0.1587888238417321,channel_iso,0.09959898590404924,0.9756929874420166,20.06696639317134,11.683438910240412,V16.3,LJ011-0208,0.01
20.732428689374803,13,0.9763240416844686,20.588374017792816,11.842227734082144,0.0012998779614766809,0.9083143032609229,0.32276320132294956,channel_iso,0.13998703953383,0.9750241637229919,19.680059714531893,11.519464532759194,V16.3,LJ011-0208,0.02
20.732428689374803,13,0.9763240416844686,20.588374017792816,11.842227734082144,0.0035880009333293383,2.0380677426281046,0.849645843220328,channel_iso,0.22294292803913413,0.9727360407511393,18.55030627516471,10.992581890861816,V16.3,LJ011-0208,0.05
20.732428689374803,13,0.9763240416844686,20.588374017792816,11.842227734082144,0.007218658924102783,3.455060991826855,1.518049287475037,channel_iso,0.316203395935021,0.9691053827603658,17.13331302596596,10.324178446607107,V16.3,LJ011-0208,0.1
20.732428689374803,13,0.9853951334953308,21.996530745884062,13.651537781600036,0.0,0.0,0.0,pca,0.0,0.9853951334953308,21.996530745884062,13.651537781600036,V16.3,LJ047-0111,0.0
20.732428689374803,13,0.9853951334953308,21.996530745884062,13.651537781600036,0.0007590055465698242,1.8283373073443023,0.2343799729552476,pca,0.07733661853542298,0.984636127948761,20.16819343853976,13.417157808644788,V16.3,LJ047-0111,0.005
20.732428689374803,13,0.9853951334953308,21.996530745884062,13.651537781600036,0.0011923511823018762,3.1446533338569154,0.3810064649388387,pca,0.10982277271300955,0.9842027823130289,18.851877412027147,13.270531316661197,V16.3,LJ047-0111,0.01
20.732428689374803,13,0.9853951334953308,21.996530745884062,13.651537781600036,0.00185316801071167,4.764674404422557,0.7130339874968463,pca,0.15402738367801042,0.9835419654846191,17.231856341461505,12.93850379410319,V16.3,LJ047-0111,0.02
20.732428689374803,13,0.9853951334953308,21.996530745884062,13.651537781600036,0.005756159623463986,7.903406637109274,1.7808131861784808,pca,0.2426696991353835,0.9796389738718668,14.093124108774788,11.870724595421555,V16.3,LJ047-0111,0.05
20.732428689374803,13,0.9853951334953308,21.996530745884062,13.651537781600036,0.011319339275360107,10.617213492327425,2.922140752150515,pca,0.3433515524749977,0.9740757942199707,11.379317253556637,10.72939702944952,V16.3,LJ047-0111,0.1
20.732428689374803,13,0.9853951334953308,21.996530745884062,13.651537781600036,0.0,0.0,0.0,channel_iso,0.0,0.9853951334953308,21.996530745884062,13.651537781600036,V16.3,LJ047-0111,0.0
20.732428689374803,13,0.9853951334953308,21.996530745884062,13.651537781600036,0.000344236691792843,0.33673832180026153,0.1348382045216514,channel_iso,0.07081595332254463,0.985050896803538,21.6597924240838,13.516699577078384,V16.3,LJ047-0111,0.005
20.732428689374803,13,0.9853951334953308,21.996530745884062,13.651537781600036,0.0005121628443399695,0.6218149526914623,0.20507728432007255,channel_iso,0.0999133805585038,0.9848829706509908,21.3747157931926,13.446460497279963,V16.3,LJ047-0111,0.01
20.732428689374803,13,0.9853951334953308,21.996530745884062,13.651537781600036,0.0011464556058248254,1.2001364891918165,0.4625807907601942,channel_iso,0.14133799161496902,0.984248677889506,20.796394256692246,13.188956990839841,V16.3,LJ047-0111,0.02
20.732428689374803,13,0.9853951334953308,21.996530745884062,13.651537781600036,0.002681712309519413,2.545062645099943,1.0921941698983915,channel_iso,0.22229337644643554,0.9827134211858114,19.45146810078412,12.559343611701644,V16.3,LJ047-0111,0.05
20.732428689374803,13,0.9853951334953308,21.996530745884062,13.651537781600036,0.0055165886878967285,3.994435904143849,1.9661980621867912,channel_iso,0.3144893203708021,0.9798785448074341,18.002094841740213,11.685339719413244,V16.3,LJ047-0111,0.1
20.732428689374803,13,0.9853058060010275,21.746389610137406,13.63184794369108,0.0,0.0,0.0,pca,0.0,0.9853058060010275,21.746389610137406,13.63184794369108,V16.3,LJ014-0267,0.0
20.732428689374803,13,0.9853058060010275,21.746389610137406,13.63184794369108,0.0006873806317647668,1.3862852932130707,0.2150875548703457,pca,0.0704730929450206,0.9846184253692627,20.360104316924335,13.416760388820734,V16.3,LJ014-0267,0.005
20.732428689374803,13,0.9853058060010275,21.746389610137406,13.63184794369108,0.0010448098182678223,2.571225138786346,0.39736597093845205,pca,0.10094644636303209,0.9842609961827596,19.17516447135106,13.234481972752627,V16.3,LJ014-0267,0.01
20.732428689374803,13,0.9853058060010275,21.746389610137406,13.63184794369108,0.0021290183067321777,4.03084631754578,0.733807533142464,pca,0.14129436573268736,0.9831767876942953,17.715543292591626,12.898040410548615,V16.3,LJ014-0267,0.02
20.732428689374803,13,0.9853058060010275,21.746389610137406,13.63184794369108,0.006195386250813839,6.84036970745996,1.8333403519543197,pca,0.22445219733809427,0.9791104197502136,14.906019902677446,11.79850759173676,V16.3,LJ014-0267,0.05
20.732428689374803,13,0.9853058060010275,21.746389610137406,13.63184794369108,0.012112100919087765,9.441715320857247,2.8984877973490057,pca,0.3159328120357498,0.9731937050819397,12.30467428928016,10.733360146342074,V16.3,LJ014-0267,0.1
20.732428689374803,13,0.9853058060010275,21.746389610137406,13.63184794369108,0.0,0.0,0.0,channel_iso,0.0,0.9853058060010275,21.746389610137406,13.63184794369108,V16.3,LJ014-0267,0.0
20.732428689374803,13,0.9853058060010275,21.746389610137406,13.63184794369108,0.00018880764643358638,0.28871302762818374,0.08935601892159895,channel_iso,0.07066245007199186,0.9851169983545939,21.457676582509222,13.54249192476948,V16.3,LJ014-0267,0.005
20.732428689374803,13,0.9853058060010275,21.746389610137406,13.63184794369108,0.0005947351455688477,0.5797702356603445,0.23238589580958013,channel_iso,0.09988550142916776,0.9847110708554586,21.16661937447706,13.3994620478815,V16.3,LJ014-0267,0.01
20.732428689374803,13,0.9853058060010275,21.746389610137406,13.63184794369108,0.001167595386505127,1.1327002791706882,0.4262166738797113,channel_iso,0.14153557663769523,0.9841382106145223,20.613689330966718,13.205631269811368,V16.3,LJ014-0267,0.02
20.732428689374803,13,0.9853058060010275,21.746389610137406,13.63184794369108,0.0033640265464782715,2.453122988234565,1.0671954434961926,channel_iso,0.223509570511945,0.9819417794545492,19.29326662190284,12.564652500194887,V16.3,LJ014-0267,0.05
20.732428689374803,13,0.9853058060010275,21.746389610137406,13.63184794369108,0.0057373046875,3.9692192293284165,1.7393747311525694,channel_iso,0.31741091831562984,0.9795685013135275,17.77717038080899,11.89247321253851,V16.3,LJ014-0267,0.1
20.732428689374803,13,0.9879223505655924,21.980223656917698,15.086274958823724,0.0,0.0,0.0,pca,0.0,0.9879223505655924,21.980223656917698,15.086274958823724,V16.3,LJ042-0073,0.0
20.732428689374803,13,0.9879223505655924,21.980223656917698,15.086274958823724,0.00043253103892004763,1.361110609451476,0.15980036080079785,pca,0.07744002018091684,0.9874898195266724,20.61911304746622,14.926474598022926,V16.3,LJ042-0073,0.005
20.732428689374803,13,0.9879223505655924,21.980223656917698,15.086274958823724,0.000705718994140625,2.469343728578597,0.3033507771789452,pca,0.1092705392417509,0.9872166315714518,19.5108799283391,14.782924181644779,V16.3,LJ042-0073,0.01
20.732428689374803,13,0.9879223505655924,21.980223656917698,15.086274958823724,0.001450200875600105,4.087474347708234,0.6626993316025462,pca,0.15487183011281952,0.9864721496899923,17.892749309209464,14.423575627221178,V16.3,LJ042-0073,0.02
20.732428689374803,13,0.9879223505655924,21.980223656917698,15.086274958823724,0.004321038722991943,7.053837062910755,1.6625448851187272,pca,0.24470065527683268,0.9836013118426005,14.926386594006942,13.423730073704997,V16.3,LJ042-0073,0.05
20.732428689374803,13,0.9879223505655924,21.980223656917698,15.086274958823724,0.007882336775461796,9.551641582719002,2.868385835660078,pca,0.3458249519355068,0.9800400137901306,12.428582074198696,12.217889123163646,V16.3,LJ042-0073,0.1
20.732428689374803,13,0.9879223505655924,21.980223656917698,15.086274958823724,0.0,0.0,0.0,channel_iso,0.0,0.9879223505655924,21.980223656917698,15.086274958823724,V16.3,LJ042-0073,0.0
20.732428689374803,13,0.9879223505655924,21.980223656917698,15.086274958823724,0.0002004106839497144,0.26965007834131427,0.13379392107402666,channel_iso,0.07068940623146469,0.9877219398816427,21.710573578576383,14.952481037749697,V16.3,LJ042-0073,0.005
20.732428689374803,13,0.9879223505655924,21.980223656917698,15.086274958823724,0.0005530913670857007,0.49512351633454443,0.26736972099440415,channel_iso,0.0998171496153727,0.9873692591985067,21.485100140583153,14.81890523782932,V16.3,LJ042-0073,0.01
20.732428689374803,13,0.9879223505655924,21.980223656917698,15.086274958823724,0.0010831554730732496,0.9558609048074835,0.4582244868614751,channel_iso,0.14134221342286332,0.9868391950925192,21.024362752110214,14.628050471962249,V16.3,LJ042-0073,0.02
20.732428689374803,13,0.9879223505655924,21.980223656917698,15.086274958823724,0.0026544928550720215,2.0811894683242436,0.9815644292051999,channel_iso,0.22316474125412425,0.9852678577105204,19.899034188593454,14.104710529618524,V16.3,LJ042-0073,0.05
20.732428689374803,13,0.9879223505655924,21.980223656917698,15.086274958823724,0.004614253838856941,3.4046934903998682,1.7468295287494602,channel_iso,0.3166703576862004,0.9833080967267355,18.57553016651783,13.339445430074264,V16.3,LJ042-0073,0.1
20.732428689374803,13,0.9804918567339579,22.410536836821315,13.206108935284485,0.0,0.0,0.0,pca,0.0,0.9804918567339579,22.410536836821315,13.206108935284485,V16.3,LJ018-0196,0.0
20.732428689374803,13,0.9804918567339579,22.410536836821315,13.206108935284485,0.0013067324956257398,1.4652642840962002,0.23057772629715245,pca,0.07258854034421665,0.9791851242383321,20.945272552725115,12.975531208987332,V16.3,LJ018-0196,0.005
20.732428689374803,13,0.9804918567339579,22.410536836821315,13.206108935284485,0.0009734431902567175,2.424596502022691,0.3225583443331139,pca,0.1017481170328276,0.9795184135437012,19.985940334798624,12.883550590951371,V16.3,LJ018-0196,0.01
20.732428689374803,13,0.9804918567339579,22.410536836821315,13.206108935284485,0.003980815410614014,4.22501499693557,0.7823891352933092,pca,0.14407162101865745,0.9765110413233439,18.185521839885745,12.423719799991176,V16.3,LJ018-0196,0.02
20.732428689374803,13,0.9804918567339579,22.410536836821315,13.206108935284485,0.009841680526733398,6.971657105944473,1.7967703901298222,pca,0.22967886643132823,0.9706501762072245,15.438879730876842,11.409338545154663,V16.3,LJ018-0196,0.05
20.732428689374803,13,0.9804918567339579,22.410536836821315,13.206108935284485,0.017486949761708503,9.584288856796022,3.055773809680659,pca,0.3205162614576098,0.9630049069722494,12.826247980025293,10.150335125603826,V16.3,LJ018-0196,0.1
20.732428689374803,13,0.9804918567339579,22.410536836821315,13.206108935284485,0.0,0.0,0.0,channel_iso,0.0,0.9804918567339579,22.410536836821315,13.206108935284485,V16.3,LJ018-0196,0.0
20.732428689374803,13,0.9804918567339579,22.410536836821315,13.206108935284485,0.00042806069056189333,0.3337537317065866,0.13812868323000238,channel_iso,0.07098010949891796,0.980063796043396,22.07678310511473,13.067980252054483,V16.3,LJ018-0196,0.005
20.732428689374803,13,0.9804918567339579,22.410536836821315,13.206108935284485,0.0008943875630695874,0.5591000855669961,0.1670089785669937,channel_iso,0.09955911466767842,0.9795974691708883,21.85143675125432,13.039099956717491,V16.3,LJ018-0196,0.01
20.732428689374803,13,0.9804918567339579,22.410536836821315,13.206108935284485,0.002003610134124756,1.1386170522699075,0.5314874959216542,channel_iso,0.14088726727942238,0.9784882465998331,21.271919784551407,12.67462143936283,V16.3,LJ018-0196,0.02
20.732428689374803,13,0.9804918567339579,22.410536836821315,13.206108935284485,0.004158675670623779,2.363343509253184,1.126167089947959,channel_iso,0.22190397567546452,0.9763331810633341,20.04719332756813,12.079941845336526,V16.3,LJ018-0196,0.05
20.732428689374803,13,0.9804918567339579,22.410536836821315,13.206108935284485,0.012207468350728279,3.897912325827047,2.1719044589780925,channel_iso,0.3155694399668521,0.9682843883832296,18.512624510994268,11.034204476306392,V16.3,LJ018-0196,0.1
20.732428689374803,13,0.9819997747739156,17.969892094729964,12.82366679217945,0.0,0.0,0.0,pca,0.0,0.9819997747739156,17.969892094729964,12.82366679217945,V16.3,LJ023-0123,0.0
20.732428689374803,13,0.9819997747739156,17.969892094729964,12.82366679217945,0.0004647970199584961,0.880160622519881,0.15745842055909165,pca,0.0748736791025396,0.9815349777539571,17.089731472210083,12.666208371620359,V16.3,LJ023-0123,0.005
20.732428689374803,13,0.9819997747739156,17.969892094729964,12.82366679217945,0.0011353691418966028,1.5941543443291444,0.3368627201545831,pca,0.1051118222329333,0.980864405632019,16.37573775040082,12.486804072024867,V16.3,LJ023-0123,0.01
20.732428689374803,13,0.9819997747739156,17.969892094729964,12.82366679217945,0.0018053849538167688,2.8043828562160513,0.5344539614801533,pca,0.14879958028069568,0.9801943898200989,15.165509238513913,12.289212830699297,V16.3,LJ023-0123,0.02
20.732428689374803,13,0.9819997747739156,17.969892094729964,12.82366679217945,0.0036808252334594727,5.157322689016809,1.1886074059814469,pca,0.23694379049698155,0.9783189495404562,12.812569405713155,11.635059386198003,V16.3,LJ023-0123,0.05
20.732428689374803,13,0.9819997747739156,17.969892094729964,12.82366679217945,0.008517324924468994,7.358764655266345,2.2256703032941694,pca,0.33077921470229815,0.9734824498494467,10.611127439463619,10.597996488885281,V16.3,LJ023-0123,0.1
20.732428689374803,13,0.9819997747739156,17.969892094729964,12.82366679217945,0.0,0.0,0.0,channel_iso,0.0,0.9819997747739156,17.969892094729964,12.82366679217945,V16.3,LJ023-0123,0.0
20.732428689374803,13,0.9819997747739156,17.969892094729964,12.82366679217945,0.00034894545873009886,0.18716630612652807,0.08687674821852909,channel_iso,0.07014982727157473,0.9816508293151855,17.782725788603436,12.736790043960921,V16.3,LJ023-0123,0.005
20.732428689374803,13,0.9819997747739156,17.969892094729964,12.82366679217945,0.000588377316792843,0.32487035840844314,0.18030004743325634,channel_iso,0.0993415576903144,0.9814113974571228,17.64502173632152,12.643366744746194,V16.3,LJ023-0123,0.01
20.732428689374803,13,0.9819997747739156,17.969892094729964,12.82366679217945,0.0010283589363098145,0.6170589160443782,0.3097565440656833,channel_iso,0.14047675862993766,0.9809714158376058,17.352833178685586,12.513910248113767,V16.3,LJ023-0123,0.02
20.732428689374803,13,0.9819997747739156,17.969892094729964,12.82366679217945,0.0024311145146688196,1.4195180563377932,0.7079986999983916,channel_iso,0.22200650470358632,0.9795686602592468,16.55037403839217,12.115668092181059,V16.3,LJ023-0123,0.05
20.732428689374803,13,0.9819997747739156,17.969892094729964,12.82366679217945,0.004873673121134514,2.4783746754788663,1.2927358722498408,channel_iso,0.31454604310118783,0.9771261016527811,15.491517419251098,11.53093091992961,V16.3,LJ023-0123,0.1
20.732428689374803,13,0.9793224334716797,18.236102416713848,13.3989931102252,0.0,0.0,0.0,pca,0.0,0.9793224334716797,18.236102416713848,13.3989931102252,V16.3,LJ019-0221,0.0
20.732428689374803,13,0.9793224334716797,18.236102416713848,13.3989931102252,0.0005238652229309082,0.7976349645417571,0.20790891619995477,pca,0.07063739362810627,0.9787985682487488,17.43846745217209,13.191084194025246,V16.3,LJ019-0221,0.005
20.732428689374803,13,0.9793224334716797,18.236102416713848,13.3989931102252,0.0007385015487670898,1.5141679201400855,0.4183648320622897,pca,0.10060115035087018,0.9785839319229126,16.721934496573763,12.98062827816291,V16.3,LJ019-0221,0.01
20.732428689374803,13,0.9793224334716797,18.236102416713848,13.3989931102252,0.0017383495966593054,2.6904356139136887,0.7922048625144189,pca,0.14173924056630902,0.9775840838750204,15.54566680280016,12.606788247710782,V16.3,LJ019-0221,0.02
20.732428689374803,13,0.9793224334716797,18.236102416713848,13.3989931102252,0.004139125347137451,5.005967246037137,1.7221592302177076,pca,0.22473600656712836,0.9751833081245422,13.23013517067671,11.676833880007493,V16.3,LJ019-0221,0.05
20.732428689374803,13,0.9793224334716797,18.236102416713848,13.3989931102252,0.00838017463684082,7.0106101022976475,2.7658118854867553,pca,0.31471255407100646,0.9709422588348389,11.2254923144162,10.633181224738445,V16.3,LJ019-0221,0.1
20.732428689374803,13,0.9793224334716797,18.236102416713848,13.3989931102252,0.0,0.0,0.0,channel_iso,0.0,0.9793224334716797,18.236102416713848,13.3989931102252,V16.3,LJ019-0221,0.0
20.732428689374803,13,0.9793224334716797,18.236102416713848,13.3989931102252,0.0003440578778585168,0.1883237968116731,0.12754239338249285,channel_iso,0.0705066798118794,0.9789783755938212,18.047778619902175,13.271450716842708,V16.3,LJ019-0221,0.005
20.732428689374803,13,0.9793224334716797,18.236102416713848,13.3989931102252,0.0006931225458780554,0.35067634622716426,0.21195724947155448,channel_iso,0.09939403468028656,0.9786293109258016,17.885426070486684,13.187035860753646,V16.3,LJ019-0221,0.01
20.732428689374803,13,0.9793224334716797,18.236102416713848,13.3989931102252,0.0014422337214151648,0.6686698417760404,0.4473621742425795,channel_iso,0.14096156323684095,0.9778801997502645,17.567432574937808,12.951630935982621,V16.3,LJ019-0221,0.02
20.732428689374803,13,0.9793224334716797,18.236102416713848,13.3989931102252,0.002506097157796261,1.4307754630024299,0.8740177341001534,channel_iso,0.22322198856942133,0.9768163363138834,16.80532695371142,12.524975376125047,V16.3,LJ019-0221,0.05
20.732428689374803,13,0.9793224334716797,18.236102416713848,13.3989931102252,0.006747027238210079,2.625731680830846,1.7691386120816261,channel_iso,0.3164004349829798,0.9725754062334696,15.610370735883002,11.629854498143574,V16.3,LJ019-0221,0.1
20.732428689374803,13,0.9763316114743551,18.470238489417667,12.141181834017823,0.0,0.0,0.0,pca,0.0,0.9763316114743551,18.470238489417667,12.141181834017823,V16.3,LJ013-0158,0.0
20.732428689374803,13,0.9763316114743551,18.470238489417667,12.141181834017823,0.0006149808565776294,1.1733763547431018,0.17165165805476335,pca,0.08708476034798324,0.9757166306177775,17.296862134674566,11.96953017596306,V16.3,LJ013-0158,0.005
20.732428689374803,13,0.9763316114743551,18.470238489417667,12.141181834017823,0.0014360944430034106,2.219151936110457,0.35838935595387866,pca,0.123419787487887,0.9748955170313517,16.25108655330721,11.782792478063945,V16.3,LJ013-0158,0.01
20.732428689374803,13,0.9763316114743551,18.470238489417667,12.141181834017823,0.002912759780883789,3.4154575993566567,0.6266440135742819,pca,0.17240150853561093,0.9734188516934713,15.05478089006101,11.514537820443541,V16.3,LJ013-0158,0.02
20.732428689374803,13,0.9763316114743551,18.470238489417667,12.141181834017823,0.006108462810516357,6.230838195814153,1.3394341768529685,pca,0.2751724531828854,0.9702231486638387,12.239400293603515,10.801747657164855,V16.3,LJ013-0158,0.05
20.732428689374803,13,0.9763316114743551,18.470238489417667,12.141181834017823,0.012402792771657345,8.701888751748083,2.492410810685106,pca,0.3859671599007021,0.9639288187026978,9.768349737669585,9.648771023332717,V16.3,LJ013-0158,0.1
20.732428689374803,13,0.9763316114743551,18.470238489417667,12.141181834017823,0.0,0.0,0.0,channel_iso,0.0,0.9763316114743551,18.470238489417667,12.141181834017823,V16.3,LJ013-0158,0.0
20.732428689374803,13,0.9763316114743551,18.470238489417667,12.141181834017823,0.00022035837173461914,0.15101469384520527,0.05960682138956841,channel_iso,0.07044651499100309,0.9761112531026205,18.319223795572462,12.081575012628255,V16.3,LJ013-0158,0.005
20.732428689374803,13,0.9763316114743551,18.470238489417667,12.141181834017823,0.0004432996114095422,0.33170024197586656,0.1400559737895808,channel_iso,0.09945739592544292,0.9758883118629456,18.1385382474418,12.001125860228242,V16.3,LJ013-0158,0.01
20.732428689374803,13,0.9763316114743551,18.470238489417667,12.141181834017823,0.0007662574450175708,0.5608314968583308,0.21766704754000799,channel_iso,0.14074080877985207,0.9755653540293375,17.909406992559337,11.923514786477815,V16.3,LJ013-0158,0.02
20.732428689374803,13,0.9763316114743551,18.470238489417667,12.141181834017823,0.0021962722142537805,1.414335454042508,0.5988035678962582,channel_iso,0.22282338789230516,0.9741353392601013,17.05590303537516,11.542378266121565,V16.3,LJ013-0158,0.05
20.732428689374803,13,0.9763316114743551,18.470238489417667,12.141181834017823,0.004150907198588127,2.455912519907855,1.082304537585987,channel_iso,0.3147651009560295,0.972180704275767,16.014325969509812,11.058877296431836,V16.3,LJ013-0158,0.1
20.732428689374803,13,0.9855005145072937,19.131342642828603,13.364752026801199,0.0,0.0,0.0,pca,0.0,0.9855005145072937,19.131342642828603,13.364752026801199,V16.3,LJ039-0048,0.0
20.732428689374803,13,0.9855005145072937,19.131342642828603,13.364752026801199,0.000470578670501709,0.8938069587637081,0.19545290724525977,pca,0.07450885458674945,0.985029935836792,18.237535684064895,13.169299119555939,V16.3,LJ039-0048,0.005
20.732428689374803,13,0.9855005145072937,19.131342642828603,13.364752026801199,0.0009780128796895715,1.6385459370055528,0.3402748636854227,pca,0.10474623737977051,0.9845225016276041,17.49279670582305,13.024477163115776,V16.3,LJ039-0048,0.01
20.732428689374803,13,0.9855005145072937,19.131342642828603,13.364752026801199,0.001945177714029911,2.8729090188082544,0.6791081120690023,pca,0.14894868392531274,0.9835553367932638,16.25843362402035,12.685643914732196,V16.3,LJ039-0048,0.02
20.732428689374803,13,0.9855005145072937,19.131342642828603,13.364752026801199,0.004504084587097168,5.091078424534118,1.3854121971439426,pca,0.233101649182652,0.9809964299201965,14.040264218294485,11.979339829657256,V16.3,LJ039-0048,0.05
20.732428689374803,13,0.9855005145072937,19.131342642828603,13.364752026801199,0.008374551932016971,7.3730117802085715,2.36076249675674,pca,0.3283859595349572,0.9771259625752767,11.758330862620031,11.003989530044459,V16.3,LJ039-0048,0.1
20.732428689374803,13,0.9855005145072937,19.131342642828603,13.364752026801199,0.0,0.0,0.0,channel_iso,0.0,0.9855005145072937,19.131342642828603,13.364752026801199,V16.3,LJ039-0048,0.0
20.732428689374803,13,0.9855005145072937,19.131342642828603,13.364752026801199,0.00026744604110717773,0.1642505473590461,0.08942046790082081,channel_iso,0.07074783079477388,0.9852330684661865,18.967092095469557,13.275331558900378,V16.3,LJ039-0048,0.005
20.732428689374803,13,0.9855005145072937,19.131342642828603,13.364752026801199,0.00043173631032311643,0.3519277733131574,0.19933517996471473,channel_iso,0.10021342689041324,0.9850687781969706,18.779414869515445,13.165416846836484,V16.3,LJ039-0048,0.01
20.732428689374803,13,0.9855005145072937,19.131342642828603,13.364752026801199,0.000793298085530636,0.682700095981879,0.3747655890128083,channel_iso,0.1408356548412299,0.9847072164217631,18.448642546846724,12.98998643778839,V16.3,LJ039-0048,0.02
20.732428689374803,13,0.9855005145072937,19.131342642828603,13.364752026801199,0.002144138018290165,1.4539303066585845,0.7767146582086095,channel_iso,0.22273436348060147,0.9833563764890035,17.67741233617002,12.58803736859259,V16.3,LJ039-0048,0.05
20.732428689374803,13,0.9855005145072937,19.131342642828603,13.364752026801199,0.004446605841318729,2.559459236842983,1.4493853638280996,channel_iso,0.3153241724889785,0.981053908665975,16.57188340598562,11.9153666629731,V16.3,LJ039-0048,0.1
20.732428689374803,13,0.9800776243209839,18.51892948336716,14.303173555694734,0.0,0.0,0.0,pca,0.0,0.9800776243209839,18.51892948336716,14.303173555694734,V16.3,LJ011-0111,0.0
20.732428689374803,13,0.9800776243209839,18.51892948336716,14.303173555694734,0.00030553340911865234,0.5936701795672086,0.2071077922053508,pca,0.06524388653672085,0.9797720909118652,17.92525930379995,14.096065763489383,V16.3,LJ011-0111,0.005
20.732428689374803,13,0.9800776243209839,18.51892948336716,14.303173555694734,0.0007785757382711145,1.1334211477279048,0.43363995140615685,pca,0.09179136261644544,0.9792990485827128,17.385508335639255,13.869533604288577,V16.3,LJ011-0111,0.01
20.732428689374803,13,0.9800776243209839,18.51892948336716,14.303173555694734,0.001266777515411377,2.028024844500628,0.7804315424766255,pca,0.13072556997650117,0.9788108468055725,16.49090463886653,13.522742013218108,V16.3,LJ011-0111,0.02
20.732428689374803,13,0.9800776243209839,18.51892948336716,14.303173555694734,0.0030279954274495813,3.8268791827575868,1.6046067493522003,pca,0.20546172802843105,0.9770496288935343,14.692050300609573,12.698566806342534,V16.3,LJ011-0111,0.05
20.732428689374803,13,0.9800776243209839,18.51892948336716,14.303173555694734,0.00591588020324707,6.138419941078638,2.5272982840460525,pca,0.29247367527548496,0.9741617441177368,12.380509542288522,11.775875271648681,V16.3,LJ011-0111,0.1
20.732428689374803,13,0.9800776243209839,18.51892948336716,14.303173555694734,0.0,0.0,0.0,channel_iso,0.0,0.9800776243209839,18.51892948336716,14.303173555694734,V16.3,LJ011-0111,0.0
20.732428689374803,13,0.9800776243209839,18.51892948336716,14.303173555694734,0.00035651524861657347,0.17218195486076127,0.15158496199062732,channel_iso,0.07082114361717366,0.9797211090723673,18.3467475285064,14.151588593704107,V16.3,LJ011-0111,0.005
20.732428689374803,13,0.9800776243209839,18.51892948336716,14.303173555694734,0.0003164807955423621,0.28188976000377153,0.18781359885131366,channel_iso,0.09976179322298456,0.9797611435254415,18.237039723363388,14.11535995684342,V16.3,LJ011-0111,0.01
20.732428689374803,13,0.9800776243209839,18.51892948336716,14.303173555694734,0.0012903014818826941,0.5802920447967459,0.46268591713271867,channel_iso,0.14110059129388125,0.9787873228391012,17.938637438570414,13.840487638562015,V16.3,LJ011-0111,0.02
20.732428689374803,13,0.9800776243209839,18.51892948336716,14.303173555694734,0.0019829273223876953,1.2366569974279216,0.893851751639728,channel_iso,0.2229835353032843,0.9780946969985962,17.282272485939238,13.409321804055006,V16.3,LJ011-0111,0.05
20.732428689374803,13,0.9800776243209839,18.51892948336716,14.303173555694734,0.005444824695587158,2.379991580689687,1.8655680005757986,channel_iso,0.31516077164046047,0.9746327996253967,16.138937902677473,12.437605555118935,V16.3,LJ011-0111,0.1
20.732428689374803,13,0.9799833297729492,21.02476355749589,12.177865319775306,0.0,0.0,0.0,pca,0.0,0.9799833297729492,21.02476355749589,12.177865319775306,V16.3,LJ010-0007,0.0
20.732428689374803,13,0.9799833297729492,21.02476355749589,12.177865319775306,0.0007243951161702844,1.4936405062212934,0.1937954990443398,pca,0.08472551381036247,0.9792589346567789,19.531123051274598,11.984069820730966,V16.3,LJ010-0007,0.005
20.732428689374803,13,0.9799833297729492,21.02476355749589,12.177865319775306,0.0015806754430135461,2.71842505301624,0.4259533452621227,pca,0.11983843159100928,0.9784026543299357,18.30633850447965,11.751911974513183,V16.3,LJ010-0007,0.01
20.732428689374803,13,0.9799833297729492,21.02476355749589,12.177865319775306,0.002760012944539425,4.403504130138067,0.7698583263422947,pca,0.17065226048751111,0.9772233168284098,16.621259427357824,11.40800699343301,V16.3,LJ010-0007,0.02
20.732428689374803,13,0.9799833297729492,21.02476355749589,12.177865319775306,0.006355086962381962,7.311966170715774,1.5859527747351745,pca,0.2690208382504306,0.9736282428105673,13.712797386780117,10.591912545040131,V16.3,LJ010-0007,0.05
20.732428689374803,13,0.9799833297729492,21.02476355749589,12.177865319775306,0.014646073182423947,9.78987320236241,2.910256627972405,pca,0.3783125913303821,0.9653372565905253,11.234890355133482,9.2676086918029,V16.3,LJ010-0007,0.1
20.732428689374803,13,0.9799833297729492,21.02476355749589,12.177865319775306,0.0,0.0,0.0,channel_iso,0.0,0.9799833297729492,21.02476355749589,12.177865319775306,V16.3,LJ010-0007,0.0
20.732428689374803,13,0.9799833297729492,21.02476355749589,12.177865319775306,7.198254267370974e-05,0.23240864551351947,0.03517732896635373,channel_iso,0.07064519788939642,0.9799113472302755,20.792354911982372,12.142687990808952,V16.3,LJ010-0007,0.005
20.732428689374803,13,0.9799833297729492,21.02476355749589,12.177865319775306,0.0006075104077657434,0.43182278882776615,0.15179353804633422,channel_iso,0.09994406137951801,0.9793758193651835,20.592940768668125,12.026071781728971,V16.3,LJ010-0007,0.01
20.732428689374803,13,0.9799833297729492,21.02476355749589,12.177865319775306,0.000985701878865597,0.872161918051102,0.2721062927379627,channel_iso,0.14055734084084223,0.9789976278940836,20.15260163944479,11.905759027037343,V16.3,LJ010-0007,0.02
20.732428689374803,13,0.9799833297729492,21.02476355749589,12.177865319775306,0.0034360289573669434,2.00602295745653,0.7853308053294779,channel_iso,0.22316427859513455,0.9765473008155823,19.01874060003936,11.392534514445828,V16.3,LJ010-0007,0.05
20.732428689374803,13,0.9799833297729492,21.02476355749589,12.177865319775306,0.005920588970184326,3.318843231616505,1.3452319784996192,channel_iso,0.3169723772372667,0.9740627408027649,17.705920325879386,10.832633341275686,V16.3,LJ010-0007,0.1
20.732428689374803,13,0.970405101776123,17.92586997405388,12.928940096202368,0.0,0.0,0.0,pca,0.0,0.970405101776123,17.92586997405388,12.928940096202368,V16.3,LJ038-0017,0.0
20.732428689374803,13,0.970405101776123,17.92586997405388,12.928940096202368,0.0004874269167581824,0.5578308313302287,0.2119340460487873,pca,0.062037672343404224,0.9699176748593649,17.368039142723653,12.71700605015358,V16.3,LJ038-0017,0.005
20.732428689374803,13,0.970405101776123,17.92586997405388,12.928940096202368,0.0011286536852518347,1.0059464011558212,0.40462922363883713,pca,0.08718881773974706,0.9692764480908712,16.91992357289806,12.52431087256353,V16.3,LJ038-0017,0.01
20.732428689374803,13,0.970405101776123,17.92586997405388,12.928940096202368,0.0021257599194844934,1.9101140431733583,0.8459869845571149,pca,0.12388453113667186,0.9682793418566386,16.015755930880523,12.082953111645253,V16.3,LJ038-0017,0.02
20.732428689374803,13,0.970405101776123,17.92586997405388,12.928940096202368,0.004174192746480343,3.5868826955219397,1.5503881237128567,pca,0.1941416872407047,0.9662309090296427,14.338987278531942,11.378551972489511,V16.3,LJ038-0017,0.05
20.732428689374803,13,0.970405101776123,17.92586997405388,12.928940096202368,0.008567015329996708,5.763762799100384,2.6700762209687934,pca,0.2772037290721504,0.9618380864461263,12.162107174953498,10.258863875233574,V16.3,LJ038-0017,0.1
20.732428689374803,13,0.970405101776123,17.92586997405388,12.928940096202368,0.0,0.0,0.0,channel_iso,0.0,0.970405101776123,17.92586997405388,12.928940096202368,V16.3,LJ038-0017,0.0
20.732428689374803,13,0.970405101776123,17.92586997405388,12.928940096202368,0.0004510084788004187,0.1750742959086189,0.14449958684972763,channel_iso,0.07042638018044517,0.9699540932973226,17.750795678145263,12.78444050935264,V16.3,LJ038-0017,0.005
20.732428689374803,13,0.970405101776123,17.92586997405388,12.928940096202368,0.0009922385215759277,0.3100861013194063,0.22369204005425836,channel_iso,0.09950684795540699,0.9694128632545471,17.615783872734475,12.70524805614811,V16.3,LJ038-0017,0.01
20.732428689374803,13,0.970405101776123,17.92586997405388,12.928940096202368,0.0017014543215433386,0.617537738076674,0.4711481037964429,channel_iso,0.14026320459078928,0.9687036474545797,17.308332235977208,12.457791992405925,V16.3,LJ038-0017,0.02
20.732428689374803,13,0.970405101776123,17.92586997405388,12.928940096202368,0.004103024800618527,1.3729999250336533,1.1037622763978359,channel_iso,0.22159775461727607,0.9663020769755045,16.55287004902023,11.825177819804532,V16.3,LJ038-0017,0.05
20.732428689374803,13,0.970405101776123,17.92586997405388,12.928940096202368,0.008994420369466183,2.4501360794605684,2.0002499386469808,channel_iso,0.31517513899910693,0.9614106814066569,15.475733894593313,10.928690157555387,V16.3,LJ038-0017,0.1
20.732428689374803,13,0.938132087389628,19.201348875715386,10.912697897154457,0.0,0.0,0.0,pca,0.0,0.938132087389628,19.201348875715386,10.912697897154457,V16.3,LJ016-0037,0.0
20.732428689374803,13,0.938132087389628,19.201348875715386,10.912697897154457,0.0014424522717793042,1.2187584773714022,0.14945316146867427,pca,0.08563708632080214,0.9366896351178488,17.982590398343984,10.763244735685783,V16.3,LJ016-0037,0.005
20.732428689374803,13,0.938132087389628,19.201348875715386,10.912697897154457,0.003557602564493778,2.22552101853568,0.2706436219751325,pca,0.12033784408744455,0.9345744848251343,16.975827857179706,10.642054275179325,V16.3,LJ016-0037,0.01
20.732428689374803,13,0.938132087389628,19.201348875715386,10.912697897154457,0.005483031272888184,3.557079095655091,0.6773094281075203,pca,0.1699105917055718,0.9326490561167399,15.644269780060295,10.235388469046937,V16.3,LJ016-0037,0.02
20.732428689374803,13,0.938132087389628,19.201348875715386,10.912697897154457,0.009620169798533085,6.457193505041275,1.3530298824898672,pca,0.26886425371046196,0.928511917591095,12.744155370674111,9.55966801466459,V16.3,LJ016-0037,0.05
20.732428689374803,13,0.938132087389628,19.201348875715386,10.912697897154457,0.02864936987558997,8.87951426341528,2.4580020562620852,pca,0.3762978538408954,0.9094827175140381,10.321834612300107,8.454695840892372,V16.3,LJ016-0037,0.1
20.732428689374803,13,0.938132087389628,19.201348875715386,10.912697897154457,0.0,0.0,0.0,channel_iso,0.0,0.938132087389628,19.201348875715386,10.912697897154457,V16.3,LJ016-0037,0.0
20.732428689374803,13,0.938132087389628,19.201348875715386,10.912697897154457,0.0004262725512186316,0.18260897960042755,0.08593882701921629,channel_iso,0.0706924576513858,0.9377058148384094,19.01873989611496,10.82675907013524,V16.3,LJ016-0037,0.005
20.732428689374803,13,0.938132087389628,19.201348875715386,10.912697897154457,0.0010937054951984937,0.3677381806282405,0.11662025384693031,channel_iso,0.1000130284703472,0.9370383818944296,18.833610695087145,10.796077643307527,V16.3,LJ016-0037,0.01
20.732428689374803,13,0.938132087389628,19.201348875715386,10.912697897154457,0.0003760258356729773,0.6951344410669336,0.32870638937567875,channel_iso,0.1413809338335543,0.9377560615539551,18.506214434648452,10.583991507778778,V16.3,LJ016-0037,0.02
20.732428689374803,13,0.938132087389628,19.201348875715386,10.912697897154457,0.00274658203125,1.5401321826751122,0.7503998503331388,channel_iso,0.22201100724970105,0.935385505358378,17.661216693040274,10.162298046821318,V16.3,LJ016-0037,0.05
20.732428689374803,13,0.938132087389628,19.201348875715386,10.912697897154457,0.006238202253977421,2.6654574828626387,1.3238786686328705,channel_iso,0.3134486408845079,0.9318938851356506,16.535891392852747,9.588819228521587,V16.3,LJ016-0037,0.1
